area_id,area_name,c24070001,c24070001_moe,c24070002,c24070002_moe,c24070003,c24070003_moe,c24070004,c24070004_moe,c24070005,c24070005_moe,c24070006,c24070006_moe,c24070007,c24070007_moe,c24070008,c24070008_moe,c24070009,c24070009_moe,c24070010,c24070010_moe,c24070011,c24070011_moe,c24070012,c24070012_moe,c24070013,c24070013_moe,c24070014,c24070014_moe,c24070015,c24070015_moe,c24070016,c24070016_moe,c24070017,c24070017_moe,c24070018,c24070018_moe,c24070019,c24070019_moe,c24070020,c24070020_moe,c24070021,c24070021_moe,c24070022,c24070022_moe,c24070023,c24070023_moe,c24070024,c24070024_moe,c24070025,c24070025_moe,c24070026,c24070026_moe,c24070027,c24070027_moe,c24070028,c24070028_moe,c24070029,c24070029_moe,c24070030,c24070030_moe,c24070031,c24070031_moe,c24070032,c24070032_moe,c24070033,c24070033_moe,c24070034,c24070034_moe,c24070035,c24070035_moe,c24070036,c24070036_moe,c24070037,c24070037_moe,c24070038,c24070038_moe,c24070039,c24070039_moe,c24070040,c24070040_moe,c24070041,c24070041_moe,c24070042,c24070042_moe,c24070043,c24070043_moe,c24070044,c24070044_moe,c24070045,c24070045_moe,c24070046,c24070046_moe,c24070047,c24070047_moe,c24070048,c24070048_moe,c24070049,c24070049_moe,c24070050,c24070050_moe,c24070051,c24070051_moe,c24070052,c24070052_moe,c24070053,c24070053_moe,c24070054,c24070054_moe,c24070055,c24070055_moe,c24070056,c24070056_moe,c24070057,c24070057_moe,c24070058,c24070058_moe,c24070059,c24070059_moe,c24070060,c24070060_moe,c24070061,c24070061_moe,c24070062,c24070062_moe,c24070063,c24070063_moe,c24070064,c24070064_moe,c24070065,c24070065_moe,c24070066,c24070066_moe,c24070067,c24070067_moe,c24070068,c24070068_moe,c24070069,c24070069_moe,c24070070,c24070070_moe,c24070071,c24070071_moe,c24070072,c24070072_moe,c24070073,c24070073_moe,c24070074,c24070074_moe,c24070075,c24070075_moe,c24070076,c24070076_moe,c24070077,c24070077_moe,c24070078,c24070078_moe,c24070079,c24070079_moe,c24070080,c24070080_moe,c24070081,c24070081_moe,c24070082,c24070082_moe,c24070083,c24070083_moe,c24070084,c24070084_moe
1,Rogers Park,30380,1247,47,57,1283,298,1943,380,356,139,2701,422,1274,283,876,211,2207,330,3919,494,8398,721,4817,655,1893,347,666,180,20654,1152,34,56,956,258,1830,374,288,118,2414,410,830,226,654,185,2050,325,3132,429,3711,489,4047,639,708,219,0,48,774,220,13,49,113,93,30,52,0,48,55,68,92,87,0,48,24,52,310,146,36,54,57,73,44,81,0,48,4749,542,0,48,0,48,24,50,43,82,107,91,59,79,49,53,69,72,204,132,2956,461,426,157,812,192,0,48,2474,354,0,48,0,48,19,52,0,48,0,48,174,104,41,58,40,61,24,51,1374,284,136,76,0,48,666,180,1729,313,0,48,214,133,40,55,25,57,125,94,119,77,132,116,24,52,249,105,321,124,151,87,329,142,0,48
2,West Ridge,32006,1409,57,65,1397,361,3319,483,623,222,4081,618,2376,358,673,193,2014,353,2556,382,7803,810,3422,586,2824,488,861,245,21754,1380,57,65,942,277,3064,472,458,188,3795,586,1285,292,556,174,1639,325,1948,336,3527,666,2867,564,1616,386,0,51,1162,250,0,51,102,84,151,114,50,67,106,79,191,115,35,74,69,64,149,89,115,77,135,96,59,65,0,51,3435,435,0,51,0,51,14,53,7,51,27,66,34,60,34,56,56,76,42,59,2301,353,134,98,786,215,0,51,3286,436,0,51,108,143,0,51,0,51,0,51,328,147,48,65,35,71,71,71,1652,283,151,95,32,62,861,245,2369,399,0,51,245,161,90,98,108,119,153,148,538,187,0,51,215,117,346,136,208,100,135,85,331,178,0,51
3,Uptown,32104,1151,40,58,658,206,1911,333,687,202,2277,377,1593,306,1003,216,3262,434,6301,559,6945,620,4593,660,2002,361,832,238,22425,989,21,56,514,175,1860,330,607,186,2149,367,1195,266,822,187,2760,406,5100,487,2756,407,3871,579,770,272,0,48,766,181,6,47,10,49,0,48,19,49,33,51,95,74,22,51,156,93,208,103,59,58,61,55,97,92,0,48,4224,517,0,48,0,48,36,62,0,48,24,53,33,66,74,93,98,66,276,165,2575,376,194,90,914,232,0,48,2750,405,0,48,30,58,15,52,0,48,3,47,137,93,50,59,137,101,79,77,1417,276,50,58,0,48,832,238,1939,444,13,49,104,98,0,48,61,91,68,95,133,120,35,62,111,109,638,195,138,81,417,253,221,125,0,48
4,Lincoln Square,23356,825,26,45,1037,287,1819,315,276,105,1868,349,869,211,1032,206,2065,330,4356,461,5419,517,2462,338,1528,267,599,185,15436,786,22,43,592,232,1713,304,259,103,1818,345,665,192,585,156,1841,314,3586,433,2064,330,1744,277,547,174,0,40,833,195,0,40,217,135,91,81,5,40,10,41,14,44,49,54,49,49,178,74,40,44,96,71,84,68,0,40,3331,365,0,40,7,40,10,42,0,40,6,40,0,40,180,91,123,92,136,86,1941,292,268,114,660,164,0,40,2148,333,0,40,17,42,0,40,0,40,8,41,92,64,87,69,31,46,0,40,1232,259,82,65,0,40,599,185,1608,307,4,40,204,127,5,40,12,44,26,44,98,80,131,74,21,44,456,161,142,65,272,167,237,120,0,40
5,North Center,20929,740,28,57,615,161,1466,237,535,157,1910,298,502,142,618,144,2898,322,4824,474,4396,431,1725,273,757,187,655,157,14698,723,28,57,436,148,1401,229,498,153,1696,284,430,137,504,130,2526,316,4106,446,1609,275,1245,235,219,98,0,43,943,196,0,43,47,52,42,63,20,46,76,66,12,44,9,43,96,69,327,105,92,63,155,107,67,57,0,43,2008,282,0,43,0,43,0,43,0,43,22,46,0,43,51,55,99,67,56,62,1321,229,97,71,362,137,0,43,2038,302,0,43,0,43,0,43,0,43,0,43,51,50,25,47,18,43,68,103,1155,215,66,59,0,43,655,157,1242,248,0,43,132,88,23,46,17,43,116,92,9,44,29,45,159,85,267,118,219,91,162,86,109,79,0,43
6,Lake View,68957,1435,95,84,987,230,2792,352,1578,281,4551,502,1813,341,2679,371,10343,679,18123,903,13990,798,7581,728,3022,419,1403,247,50618,1401,22,70,707,202,2646,345,1517,277,4157,483,1437,291,2468,355,9208,654,16228,865,5109,504,6305,676,814,208,0,66,2136,305,0,66,202,110,86,88,19,65,238,116,68,77,54,75,290,116,772,186,170,94,172,113,65,80,0,66,8495,623,0,66,0,66,14,67,9,67,20,68,85,105,125,111,327,123,248,107,5350,490,610,176,1707,313,0,66,4850,513,8,67,0,66,0,66,0,66,9,67,223,138,21,69,158,93,56,69,2865,418,107,86,0,66,1403,247,2858,361,65,78,78,75,46,74,33,71,127,95,0,66,11,68,360,121,819,199,496,166,387,145,436,180,0,66
7,Lincoln Park,41372,1134,44,71,646,174,2190,362,818,195,2547,352,726,192,1460,291,7251,620,11786,817,8282,615,3494,452,1411,280,717,179,29935,1122,5,50,464,147,2077,338,681,173,2325,336,610,179,1360,282,6380,600,9715,783,3065,367,2855,418,398,167,0,51,2034,276,0,51,57,65,26,51,95,88,146,80,10,52,0,51,384,122,969,201,202,84,130,79,15,56,0,51,4541,472,0,51,11,53,87,100,0,51,0,51,22,55,52,61,142,98,217,104,3124,400,146,75,740,185,0,51,2532,355,0,51,23,61,0,51,0,51,0,51,84,78,10,53,50,61,93,82,1503,271,52,75,0,51,717,179,2330,329,39,71,91,79,0,51,42,67,76,65,0,51,38,53,295,113,792,184,388,115,311,167,258,125,0,51
8,Near North Side,51159,1476,147,105,1035,352,2753,401,1185,268,2987,446,1053,263,1733,342,9165,848,14209,940,10306,785,3777,612,1671,315,1138,251,36928,1409,35,67,706,321,2630,390,1043,253,2696,431,813,230,1528,330,8121,811,11784,874,3835,497,3091,558,646,217,0,54,3048,432,34,74,136,96,35,60,103,87,160,108,30,63,79,77,396,159,1265,275,469,174,261,177,80,79,0,54,5308,572,25,59,41,65,0,54,0,54,25,62,20,63,34,61,121,85,228,119,3845,492,187,104,782,199,0,54,3336,423,0,54,15,58,0,54,0,54,45,63,175,123,39,61,82,76,50,71,1732,318,60,69,0,54,1138,251,2539,394,53,79,137,109,88,86,39,64,61,73,15,58,53,66,445,165,882,210,425,156,178,147,163,110,0,54
9,Edison Park,5943,391,17,32,368,184,349,141,198,101,451,133,231,107,212,101,629,160,807,204,1113,207,552,195,142,82,874,185,3763,399,0,25,281,166,349,141,167,96,398,126,155,97,153,86,594,156,687,191,389,126,530,192,60,49,0,25,112,58,0,25,41,41,0,25,0,25,0,25,0,25,6,25,17,34,20,29,28,33,0,25,0,25,0,25,421,132,0,25,0,25,0,25,22,39,29,41,0,25,0,25,9,26,16,25,310,107,0,25,35,31,0,25,1424,226,0,25,20,28,0,25,0,25,0,25,76,45,53,56,9,26,13,25,350,141,22,41,7,25,874,185,223,99,17,32,26,35,0,25,9,26,24,42,0,25,0,25,0,25,71,55,36,38,0,25,40,57,0,25
10,Norwood Park,18045,822,74,74,1475,289,1854,387,372,113,1488,315,966,233,370,161,1343,249,2012,325,3835,448,1141,266,1028,254,2087,306,11082,798,18,48,969,242,1816,387,372,113,1369,299,601,190,348,160,1098,224,1494,254,1608,303,946,256,443,149,0,39,730,216,0,39,220,128,28,46,0,39,97,97,23,43,0,39,138,101,158,93,0,39,32,52,34,46,0,39,1608,285,0,39,9,40,10,40,0,39,0,39,0,39,0,39,56,60,14,42,1003,239,76,62,440,157,0,39,3814,437,30,47,116,71,0,39,0,39,0,39,342,136,10,40,0,39,33,44,1133,253,63,55,0,39,2087,306,811,192,26,46,161,79,0,39,0,39,22,42,0,39,12,41,51,47,313,128,91,66,24,42,111,81,0,39
11,Jefferson Park,12930,710,26,48,1083,297,1134,263,326,133,1242,279,717,245,369,135,1177,237,1529,262,2366,323,1019,229,987,261,955,215,8545,615,0,29,731,262,1023,244,303,128,1174,270,487,216,347,131,962,201,1110,216,880,201,850,218,678,225,0,29,415,157,0,29,179,105,0,29,10,32,27,51,20,32,0,29,19,39,70,64,8,32,48,63,34,47,0,29,1076,212,0,29,26,41,36,52,13,34,21,40,15,34,0,29,9,31,36,53,716,180,20,36,184,91,0,29,2236,346,26,48,49,61,23,44,0,29,0,29,188,103,22,39,158,113,62,69,681,189,72,68,0,29,955,215,658,204,0,29,98,91,52,64,0,29,20,42,7,30,0,29,29,40,251,132,81,57,29,40,91,71,0,29
12,Forest Glen,9199,448,13,32,289,107,840,200,356,140,832,243,434,139,306,102,818,196,1269,209,2007,283,478,166,614,178,943,193,5246,431,0,29,119,69,752,186,297,122,765,245,223,110,194,82,583,153,912,186,809,162,331,159,261,134,0,29,562,152,0,29,67,51,10,32,50,56,49,44,23,29,0,29,71,68,141,69,42,45,29,40,80,68,0,29,936,210,0,29,0,29,38,65,0,29,0,29,0,29,41,39,8,29,21,44,555,173,37,51,236,108,0,29,1891,265,13,32,23,34,0,29,0,29,0,29,160,74,71,55,19,34,18,33,574,128,70,63,0,29,943,193,564,172,0,29,80,69,40,64,9,31,18,39,28,35,0,29,137,101,177,81,27,33,11,33,37,42,0,29
13,North Park,8401,601,23,31,181,79,714,163,150,82,1008,241,408,143,101,71,631,158,845,209,2434,349,870,233,689,215,347,138,5098,508,23,31,58,44,658,152,135,78,814,199,203,98,38,47,528,147,650,186,911,267,698,228,382,154,0,27,372,126,0,27,50,46,0,27,0,27,51,52,5,26,29,50,25,32,88,62,59,50,20,31,45,65,0,27,1218,262,0,27,0,27,32,56,15,33,90,90,15,35,9,29,0,27,0,27,794,181,27,37,236,127,0,27,1179,217,0,27,11,29,6,27,0,27,0,27,114,67,25,36,15,34,41,41,577,165,43,46,0,27,347,138,534,143,0,27,62,64,18,38,0,27,53,50,71,62,0,27,63,51,66,57,93,53,82,58,26,33,0,27
14,Albany Park,27319,1298,67,61,2109,454,3541,543,455,163,2216,435,1200,261,442,144,1112,246,3286,487,5565,579,4975,779,1840,413,511,165,20863,1290,46,57,1496,383,3533,543,410,152,2128,426,917,238,361,134,965,228,2719,443,2666,442,4504,759,1118,341,0,45,841,236,5,44,215,112,0,45,0,45,42,53,65,66,0,45,64,57,209,151,77,73,113,95,51,67,0,45,2091,347,0,45,24,57,8,46,9,46,8,44,21,50,22,49,38,61,46,56,1466,300,125,80,324,130,0,45,2022,324,11,45,0,45,0,45,0,45,0,45,145,87,36,51,12,47,58,64,1188,259,61,56,0,45,511,165,1502,330,5,44,374,185,0,45,36,72,38,74,52,62,23,48,33,53,254,116,168,101,172,148,347,185,0,45
15,Portage Park,31700,1191,40,68,2224,351,4061,529,880,239,3519,467,2091,337,619,184,2166,310,3500,452,6172,656,3263,442,1902,339,1263,238,22813,1095,40,68,1598,303,3901,521,824,233,3188,432,1622,299,523,175,1819,285,2995,416,2359,372,2881,425,1063,255,0,47,985,236,0,47,259,119,22,52,16,53,82,121,52,66,25,53,81,75,191,101,39,53,92,78,126,87,0,47,2817,505,0,47,27,53,27,53,0,47,27,52,62,61,26,50,97,74,17,53,2045,429,120,100,369,145,0,47,3451,426,0,47,0,47,0,47,0,47,0,47,292,141,34,52,98,96,106,74,1563,289,95,82,0,47,1263,238,1634,334,0,47,340,142,111,101,40,65,222,143,63,59,11,49,71,56,191,106,166,100,75,63,344,133,0,47
16,Irving Park,29259,1188,10,49,1688,317,2902,473,513,173,2662,397,1826,328,802,199,2007,331,4074,462,5660,580,4484,688,1558,284,1073,239,20401,1134,10,49,1149,265,2728,463,404,148,2311,356,1338,288,671,187,1756,312,3281,420,2054,329,3841,668,858,226,0,47,1102,269,0,47,156,103,88,85,30,49,255,177,31,56,23,51,99,79,146,76,141,105,88,69,45,65,0,47,2464,383,0,47,15,49,19,50,0,47,27,56,6,47,7,47,71,57,47,57,1647,325,201,92,424,130,0,47,3404,434,0,47,32,56,22,52,0,47,20,54,279,123,62,64,19,56,37,52,1620,310,240,141,0,47,1073,239,1888,326,0,47,336,130,45,67,79,96,49,63,172,108,39,55,62,67,563,176,198,119,114,79,231,118,0,47
17,Dunning,21611,901,50,55,1983,317,2473,309,479,147,2290,377,1326,322,456,159,1316,242,2732,400,3966,452,1752,313,1458,295,1330,257,15186,827,12,42,1220,258,2321,298,423,132,2167,371,904,286,309,139,1201,230,2271,379,2047,370,1458,245,853,229,0,40,692,174,0,40,294,119,12,43,46,50,51,48,10,41,0,40,28,44,93,65,0,40,86,87,72,81,0,40,1613,302,0,40,32,50,99,136,10,42,18,48,0,40,60,65,50,58,74,102,860,182,58,85,352,117,0,40,3025,402,14,44,107,67,0,40,0,40,0,40,342,119,87,83,37,62,84,60,955,213,69,76,0,40,1330,257,1095,235,24,50,330,134,41,49,0,40,54,51,70,80,0,40,0,40,210,94,104,87,81,55,181,101,0,40
18,Montclare,5421,472,0,23,422,153,731,210,126,72,617,149,446,165,66,63,493,187,518,142,1085,234,418,149,284,137,215,115,3910,420,0,23,311,139,704,209,110,66,536,136,368,164,57,61,441,178,462,138,414,139,332,133,175,121,0,23,92,57,0,23,64,47,0,23,0,23,0,23,0,23,0,23,14,29,0,23,0,23,14,27,0,23,0,23,511,169,0,23,7,19,20,38,0,23,67,64,0,23,9,23,0,23,28,31,270,97,15,30,95,85,0,23,680,195,0,23,0,23,0,23,0,23,14,28,48,38,0,23,0,23,0,23,362,146,41,52,0,23,215,115,228,86,0,23,40,38,7,19,16,31,0,23,30,34,0,23,38,52,28,29,39,40,16,31,14,27,0,23
19,Belmont Cragin,33159,1406,102,155,2360,373,7317,743,1284,291,4424,545,1927,361,233,111,1441,283,3434,470,4538,485,3740,551,1703,306,656,193,26811,1317,101,156,1844,341,6975,726,1157,253,4241,538,1288,292,233,111,1382,280,2924,449,2042,348,3427,533,1197,271,0,52,581,179,0,52,93,79,79,99,16,58,19,53,115,94,0,52,9,51,118,84,43,62,43,64,46,65,0,52,1953,361,0,52,32,66,218,110,16,55,54,82,70,74,0,52,41,60,119,89,1116,254,86,80,201,94,0,52,2621,415,1,51,70,78,0,52,0,52,0,52,454,175,0,52,0,52,126,94,1179,243,135,101,0,52,656,193,1193,263,0,52,321,129,45,71,95,108,110,94,0,52,0,52,9,53,147,85,158,87,49,69,259,117,0,52
20,Hermosa,11208,731,0,29,835,254,2059,382,470,155,1224,333,710,212,202,112,567,185,899,223,1653,289,1695,458,545,174,349,188,8562,753,0,29,545,232,1997,377,394,143,1193,330,456,163,170,104,489,169,749,203,743,202,1550,452,276,125,0,29,288,122,0,29,97,64,20,43,12,33,31,58,67,64,0,29,24,47,11,31,0,29,15,36,11,32,0,29,654,179,0,29,0,29,42,57,44,50,0,29,12,33,0,29,42,50,28,52,422,154,12,31,52,55,0,29,1122,276,0,29,30,39,0,29,0,29,0,29,124,79,32,45,0,29,29,42,422,152,112,80,24,36,349,188,582,180,0,29,163,89,0,29,20,41,0,29,51,74,0,29,12,33,82,71,66,66,6,29,182,103,0,29
21,Avondale,21415,1055,13,42,1386,344,3099,491,345,160,2109,366,1486,365,423,143,1392,289,2385,364,2912,383,3868,715,1343,265,654,190,16968,1049,0,38,1165,323,2922,479,336,160,2018,352,1081,311,378,138,1299,286,2160,346,1292,253,3552,714,765,232,0,38,421,148,13,42,83,84,40,58,0,38,6,36,42,65,9,39,32,44,61,69,33,53,90,61,12,39,0,38,1246,249,0,38,0,38,91,76,9,39,15,43,34,56,19,41,35,42,24,44,555,179,114,72,350,142,0,38,2002,340,0,38,0,38,16,45,0,38,0,38,282,155,11,40,8,39,29,61,946,226,56,76,0,38,654,190,778,192,0,38,138,75,30,54,0,38,70,69,47,69,6,38,18,42,111,71,86,59,56,57,216,112,0,38
22,Logan Square,41415,1261,82,81,1542,308,4561,538,667,175,3455,420,2010,338,1426,239,3844,405,7243,557,7652,571,5550,557,2587,387,796,181,31552,1241,82,81,1189,284,4325,534,579,162,3244,407,1686,315,1116,211,3432,394,6190,526,3609,410,4660,521,1440,315,0,57,1195,223,0,57,101,76,74,77,53,75,136,122,20,58,56,68,120,83,339,108,132,70,106,69,58,74,0,57,3550,386,0,57,5,57,137,93,26,65,12,59,7,57,120,78,43,61,157,103,1978,272,231,101,834,196,0,57,3288,381,0,57,16,58,5,57,0,57,9,58,283,129,39,70,61,74,18,58,1768,283,270,155,23,67,796,181,1830,259,0,57,231,115,20,58,9,58,54,62,14,59,95,86,188,79,539,127,165,86,283,117,232,116,0,57
23,Humboldt Park,18299,1003,21,52,1006,257,2778,455,527,168,2132,364,1151,269,377,148,1043,251,1714,333,3939,448,1893,309,1076,261,642,185,13878,925,11,50,774,213,2721,449,515,167,1974,359,891,246,282,116,961,243,1541,323,1997,339,1693,294,518,180,0,51,258,123,0,51,39,66,0,51,12,52,0,51,0,51,0,51,9,50,47,61,61,65,0,51,90,91,0,51,1378,284,0,51,10,52,24,61,0,51,82,68,56,86,95,107,56,63,10,51,655,178,66,72,324,142,0,51,1941,312,0,51,35,64,0,51,0,51,0,51,111,76,0,51,7,50,38,57,1063,236,45,62,0,51,642,185,844,206,10,53,148,102,33,58,0,51,76,78,93,70,0,51,10,51,78,70,163,93,89,91,144,94,0,51
24,West Town,53130,1298,36,65,1646,324,3302,377,1766,279,4676,507,1653,281,1695,286,5567,458,11593,720,11054,715,6228,610,2301,322,1613,273,37879,1233,18,64,1172,277,3183,373,1534,253,4300,471,1223,251,1422,270,4807,432,9875,678,4239,460,5246,583,860,197,0,62,2244,305,0,62,183,110,35,67,183,126,210,116,16,64,61,65,299,132,863,174,127,79,205,101,62,72,0,62,5503,517,0,62,7,63,64,74,14,66,61,96,10,63,134,84,114,76,282,119,3460,418,251,93,1106,234,0,62,5139,495,12,64,46,70,0,62,0,62,14,61,291,111,23,65,20,64,29,63,2909,370,182,112,0,62,1613,273,2365,358,6,62,238,143,20,64,35,67,91,82,113,90,55,69,327,135,544,158,319,124,344,120,273,139,0,62
25,Austin,33554,1237,34,71,753,220,2972,407,763,216,3767,494,3503,469,676,175,1903,357,3557,459,9212,653,2586,386,1959,422,1869,314,21873,1097,34,71,500,190,2851,399,743,214,3447,458,2002,350,526,158,1548,330,2808,408,4380,484,2104,335,930,289,0,61,481,156,0,61,86,79,0,61,0,61,98,98,35,72,0,61,51,73,116,95,45,64,0,61,50,83,0,61,3814,439,0,61,0,61,57,81,10,62,177,117,81,78,13,64,134,94,219,123,2373,370,184,100,566,162,0,61,6092,565,0,61,68,84,64,86,0,61,38,66,1328,268,106,91,71,91,287,141,2066,316,182,120,13,62,1869,314,1294,291,0,61,99,80,0,61,10,62,7,61,57,74,31,69,99,103,127,91,348,133,116,110,400,196,0,61
26,West Garfield Park,4915,499,7,37,69,53,315,115,33,49,510,160,701,176,142,107,166,86,386,134,1598,254,540,159,155,90,293,111,3284,430,0,35,69,53,288,111,33,49,470,154,494,152,137,107,141,80,335,115,739,197,475,150,103,81,0,35,29,50,0,35,0,35,0,35,0,35,0,35,29,50,0,35,0,35,0,35,0,35,0,35,0,35,0,35,480,157,7,37,0,35,12,38,0,35,40,55,16,38,0,35,0,35,6,34,342,123,19,38,38,47,0,35,1001,190,0,35,0,35,15,41,0,35,0,35,162,95,5,34,25,42,2,34,460,137,39,49,0,35,293,111,121,62,0,35,0,35,0,35,0,35,0,35,0,35,0,35,0,35,43,52,57,46,7,35,14,35,0,35
27,East Garfield Park,5825,495,0,38,119,74,262,118,101,74,609,185,586,151,145,81,344,133,582,144,1682,256,536,165,380,130,479,145,3712,410,0,38,85,70,237,114,101,74,578,183,375,124,145,81,284,109,419,129,939,199,423,143,126,78,0,38,60,57,0,38,0,38,0,38,0,38,0,38,4,37,0,38,0,38,15,40,32,54,0,38,9,40,0,38,604,156,0,38,0,38,2,37,0,38,4,37,0,38,0,38,51,77,17,40,289,100,40,53,201,97,0,38,1220,216,0,38,26,45,8,38,0,38,0,38,188,81,0,38,9,40,40,48,399,128,68,61,3,37,479,145,229,100,0,38,8,39,15,44,0,38,27,45,19,45,0,38,0,38,91,73,23,44,5,37,41,60,0,38
28,Near West Side,30243,999,6,51,569,156,1952,305,764,191,2166,316,1050,239,785,196,3961,429,5942,490,8418,634,2166,345,1248,270,1216,247,20275,926,0,52,492,152,1843,302,692,187,1911,302,746,216,656,185,3505,407,5123,475,3243,415,1623,309,441,176,0,52,1127,233,0,52,26,57,38,58,72,90,121,106,77,80,65,65,87,65,348,138,144,109,71,61,78,85,0,52,3302,404,0,52,11,51,36,57,0,52,58,69,13,55,0,52,136,75,128,84,2185,339,156,104,579,162,0,52,4552,460,0,52,14,52,0,52,0,52,3,51,175,78,46,62,125,94,55,80,2725,345,130,94,63,103,1216,247,987,202,6,51,26,57,35,56,0,52,73,62,39,69,18,54,108,72,288,122,121,73,186,112,87,74,0,52
29,North Lawndale,9290,660,0,43,139,89,750,212,180,82,922,198,1057,216,252,109,578,153,987,209,2920,344,841,216,238,98,426,135,6556,580,0,43,113,83,731,210,168,82,890,194,633,158,252,109,542,151,846,200,1534,256,762,214,85,65,0,43,74,57,0,43,0,43,0,43,0,43,0,43,25,51,0,43,0,43,6,40,32,49,11,45,0,43,0,43,850,190,0,43,0,43,19,49,0,43,26,50,0,43,0,43,20,52,67,53,589,156,15,43,114,72,0,43,1538,269,0,43,0,43,0,43,0,43,0,43,359,138,0,43,0,43,28,54,683,179,42,49,0,43,426,135,272,109,0,43,26,53,0,43,12,43,6,43,40,68,0,43,16,45,40,53,82,63,11,45,39,57,0,43
30,South Lawndale,24549,1181,57,71,1684,331,6736,694,867,242,2259,331,899,219,283,133,874,203,3273,402,2467,354,3240,459,1591,318,319,124,20858,1135,57,71,1435,309,6652,692,826,235,2049,323,793,208,245,126,847,202,3042,387,1028,217,3000,447,884,241,0,48,243,110,0,48,88,75,0,48,0,48,0,48,23,52,0,48,11,50,31,58,22,58,41,59,27,64,0,48,1147,254,0,48,0,48,78,67,11,50,26,52,0,48,0,48,16,49,110,86,511,153,22,58,373,137,0,48,1271,273,0,48,7,48,6,48,0,48,0,48,83,66,38,62,0,48,17,50,722,215,47,61,32,69,319,124,1030,231,0,48,154,101,0,48,30,66,184,95,0,48,0,48,0,48,73,85,184,107,130,85,275,123,0,48
31,Lower West Side,17540,941,25,46,1069,232,3052,459,792,199,1542,361,684,221,137,70,688,168,2116,375,2819,373,3107,421,1176,249,333,129,13081,933,20,46,737,211,2899,452,716,193,1365,345,494,165,104,67,645,166,1888,367,755,196,2686,398,772,221,0,42,162,79,0,42,19,48,0,42,28,49,19,44,0,42,0,42,0,42,47,47,0,42,40,59,9,42,0,42,1636,275,0,42,10,44,91,66,11,42,0,42,13,45,11,41,9,41,37,53,972,221,200,110,282,105,0,42,1610,247,0,42,35,52,0,42,0,42,0,42,141,102,17,48,11,43,32,45,986,213,55,54,0,42,333,129,1051,227,5,41,268,109,62,66,37,51,158,115,36,57,5,41,23,53,112,77,106,71,126,93,113,67,0,42
32,Loop,16495,1029,0,30,174,124,937,309,434,172,1073,323,378,187,627,347,2998,614,4194,543,3712,575,1036,316,435,162,497,185,11652,979,0,30,156,122,910,305,336,160,1010,329,293,175,617,346,2797,609,3566,514,1198,273,736,283,33,41,0,30,780,242,0,30,0,30,27,39,60,56,49,61,14,35,0,30,122,76,200,139,189,104,89,94,30,55,0,30,2104,419,0,30,0,30,0,30,0,30,0,30,0,30,0,30,23,37,154,104,1485,385,138,74,304,132,0,30,1405,316,0,30,18,37,0,30,0,30,0,30,71,59,0,30,15,36,44,74,687,226,73,85,0,30,497,185,554,197,0,30,0,30,0,30,38,49,14,35,0,30,10,30,41,50,230,117,153,113,0,30,68,78,0,30
33,Near South Side,13361,947,14,30,148,82,939,219,373,173,767,339,383,175,296,159,2085,529,2575,370,3980,765,664,200,593,226,544,183,8674,914,0,24,58,55,851,207,373,173,689,337,228,132,245,146,1566,497,2095,378,1769,561,551,172,249,172,0,24,846,321,0,24,38,48,78,76,0,24,67,56,26,44,0,24,146,137,276,151,88,61,83,97,44,50,0,24,1680,367,0,24,36,37,10,27,0,24,0,24,0,24,0,24,208,132,33,40,1120,336,30,33,243,116,0,24,1681,416,14,30,16,22,0,24,0,24,11,25,74,77,11,28,42,40,0,24,969,367,0,24,0,24,544,183,480,197,0,24,0,24,0,24,0,24,0,24,55,70,40,58,123,134,171,99,34,40,0,24,57,66,0,24
34,Armour Square,5856,560,0,27,202,124,451,147,358,357,411,140,207,111,75,50,438,170,547,178,913,186,1836,390,255,110,163,74,4390,467,0,27,74,61,445,147,320,352,374,134,127,92,43,40,356,146,463,170,508,152,1629,327,51,43,0,27,224,97,0,27,44,44,6,27,35,51,20,32,25,45,13,31,15,27,33,42,0,27,33,46,0,27,0,27,444,150,0,27,0,27,0,27,3,22,0,27,0,27,19,30,39,69,11,30,214,90,29,53,129,79,0,27,399,115,0,27,0,27,0,27,0,27,0,27,40,40,0,27,10,25,11,30,161,73,14,33,0,27,163,74,399,197,0,27,84,97,0,27,0,27,17,34,15,33,0,27,18,39,29,43,30,36,131,156,75,59,0,27
35,Douglas,7890,531,38,51,83,63,298,109,161,121,403,122,468,142,224,98,819,179,1021,209,2854,338,665,179,367,112,489,144,4263,468,30,53,63,54,273,107,136,117,370,117,289,114,188,90,631,163,656,169,1072,220,507,158,48,47,0,35,243,90,8,32,0,35,11,37,25,42,23,41,4,34,0,35,15,35,92,64,32,42,22,43,11,37,0,35,1415,237,0,35,0,35,14,39,0,35,7,35,8,35,16,45,44,47,121,76,864,195,57,58,284,102,0,35,1805,275,0,35,20,47,0,35,0,35,3,34,167,83,20,41,129,76,79,94,850,185,48,62,0,35,489,144,164,74,0,35,0,35,0,35,0,35,0,35,0,35,0,35,0,35,73,57,36,57,31,42,24,39,0,35
36,Oakland,2112,305,4,17,71,57,63,58,38,41,227,112,78,60,83,54,184,96,270,96,583,165,164,82,58,41,289,90,1333,265,0,19,52,51,63,58,38,41,219,112,64,57,72,51,113,77,238,86,331,135,134,69,9,21,0,19,73,68,0,19,12,26,0,19,0,19,0,19,0,19,0,19,46,59,0,19,0,19,0,19,15,29,0,19,211,82,0,19,0,19,0,19,0,19,0,19,0,19,11,18,0,19,32,47,127,62,23,44,18,22,0,19,430,115,4,17,0,19,0,19,0,19,0,19,0,19,0,19,12,24,0,19,125,60,0,19,0,19,289,90,65,43,0,19,7,20,0,19,0,19,8,20,14,24,0,19,13,25,0,19,0,19,7,19,16,29,0,19
37,Fuller Park,722,162,1,11,0,16,62,65,29,26,49,40,61,38,4,13,26,23,116,76,265,142,26,22,48,38,35,30,505,160,1,11,0,16,62,65,16,20,49,40,61,38,4,13,23,22,102,72,167,128,17,23,3,13,0,16,5,8,0,16,0,16,0,16,0,16,0,16,0,16,0,16,0,16,4,13,1,11,0,16,0,16,0,16,93,54,0,16,0,16,0,16,3,13,0,16,0,16,0,16,3,13,0,16,74,51,5,13,8,16,0,16,62,37,0,16,0,16,0,16,0,16,0,16,0,16,0,16,0,16,0,16,23,23,4,13,0,16,35,30,57,40,0,16,0,16,0,16,10,18,0,16,0,16,0,16,0,16,10,19,0,16,0,16,37,36,0,16
38,Grand Boulevard,8574,544,24,50,165,89,363,130,93,64,776,188,470,137,208,103,850,187,1176,223,2565,305,673,194,398,163,813,183,4947,448,24,50,109,71,363,130,68,61,741,187,322,125,157,93,713,175,921,201,903,191,580,189,46,48,0,43,250,107,0,43,23,55,0,43,0,43,0,43,0,43,23,55,36,49,73,67,52,60,0,43,43,59,0,43,1266,248,0,43,0,43,0,43,25,54,13,47,0,43,24,46,57,56,65,57,807,182,47,51,228,122,0,43,1770,259,0,43,0,43,0,43,0,43,14,43,136,70,0,43,29,49,15,48,732,164,31,46,0,43,813,183,341,119,0,43,33,58,0,43,0,43,8,43,12,46,4,42,15,48,102,76,71,63,15,47,81,71,0,43
39,Kenwood,7575,491,17,38,61,53,285,105,96,65,588,205,368,115,141,103,741,207,836,178,3123,367,522,171,378,131,419,156,3957,437,17,38,20,35,258,103,79,61,513,198,169,74,132,103,608,201,658,159,995,218,408,162,100,72,0,31,194,74,0,31,20,33,8,32,0,31,39,44,8,32,0,31,37,42,46,37,36,35,0,31,0,31,0,31,1576,260,0,31,0,31,7,31,0,31,0,31,0,31,9,33,32,37,40,50,1248,245,51,49,189,93,0,31,1492,285,0,31,21,45,0,31,0,31,0,31,132,71,0,31,44,49,43,41,811,200,22,45,0,31,419,156,356,124,0,31,0,31,12,32,17,39,36,48,59,59,0,31,20,35,49,51,33,36,41,47,89,74,0,31
40,Washington Park,3331,319,5,26,112,84,228,88,23,36,352,116,282,104,110,58,229,84,300,102,893,174,445,134,155,71,197,78,2142,285,0,27,78,78,223,88,23,36,343,115,149,83,102,56,194,77,247,94,348,112,367,124,68,51,0,27,4,26,0,27,0,27,0,27,0,27,0,27,0,27,0,27,0,27,0,27,4,26,0,27,0,27,0,27,292,93,0,27,0,27,5,26,0,27,9,29,0,27,8,28,0,27,12,26,187,79,15,28,56,42,0,27,776,169,5,26,25,36,0,27,0,27,0,27,133,69,0,27,11,30,32,43,329,113,44,48,0,27,197,78,117,58,0,27,9,28,0,27,0,27,0,27,0,27,0,27,24,36,9,29,25,35,19,39,31,35,0,27
41,Hyde Park,13577,623,18,42,146,93,339,159,142,85,716,196,327,119,369,118,1077,254,1785,266,6609,439,1159,245,482,139,408,124,6735,553,18,42,78,74,339,159,142,85,665,194,206,87,182,84,765,189,1198,219,2173,317,865,226,104,78,0,38,380,175,0,38,0,38,0,38,0,38,17,45,8,39,0,38,89,89,155,100,67,55,40,48,4,37,0,38,3919,368,0,38,0,38,0,38,0,38,20,41,5,37,69,55,55,62,136,61,3145,328,155,69,334,112,0,38,1929,266,0,38,18,44,0,38,0,38,0,38,62,50,109,76,127,100,66,59,1117,212,22,44,0,38,408,124,614,149,0,38,50,60,0,38,0,38,14,43,46,73,9,39,41,61,230,83,107,65,77,50,40,50,0,38
42,Woodlawn,8834,598,0,36,281,121,305,134,71,60,548,158,635,181,293,122,526,157,945,207,3550,382,880,205,476,148,324,104,5002,482,0,36,168,103,288,135,71,60,458,137,408,131,248,120,453,145,757,189,1287,252,706,193,158,87,0,36,121,78,0,36,10,37,0,36,0,36,18,42,0,36,0,36,26,54,10,40,37,54,11,39,9,37,0,36,1682,244,0,36,0,36,0,36,0,36,0,36,8,37,36,43,26,53,76,58,1320,221,63,58,153,76,0,36,1550,237,0,36,21,43,17,45,0,36,26,55,213,120,0,36,15,37,33,52,806,181,59,57,36,49,324,104,479,186,0,36,82,67,0,36,0,36,46,63,6,39,9,38,6,37,69,63,100,70,41,50,120,92,0,36
43,South Shore,18752,978,72,90,426,210,751,193,165,109,1838,359,1587,320,515,167,1494,301,2011,340,5868,591,1828,395,967,250,1230,277,11560,856,72,90,300,192,751,193,153,107,1780,356,993,263,404,151,1295,284,1582,294,2419,383,1398,332,413,163,0,44,275,140,0,44,0,44,0,44,0,44,0,44,52,80,11,45,73,79,0,44,50,68,75,95,14,48,0,44,2533,400,0,44,32,67,0,44,0,44,21,47,117,117,46,66,28,48,143,114,1686,333,135,95,325,134,0,44,3687,440,0,44,54,75,0,44,12,46,15,48,409,138,54,59,74,78,76,58,1619,298,144,101,0,44,1230,277,697,214,0,44,40,55,0,44,0,44,22,55,16,48,0,44,24,57,210,114,94,76,76,95,215,144,0,44
44,Chatham,11503,743,14,41,274,139,495,167,142,96,1031,256,1314,287,309,129,678,190,1376,285,3860,466,791,213,452,163,767,211,6726,631,14,41,199,125,468,163,119,93,987,250,661,202,216,103,609,182,1219,270,1476,300,584,189,174,106,0,37,139,94,0,37,16,43,0,37,0,37,0,37,0,37,0,37,6,36,48,64,17,44,32,62,20,47,0,37,1474,262,0,37,0,37,20,47,10,38,0,37,112,74,22,49,56,63,32,59,898,247,89,67,235,123,0,37,2780,378,0,37,23,45,0,37,13,41,0,37,529,179,57,73,7,37,18,40,1350,278,16,38,0,37,767,211,384,137,0,37,36,58,7,36,0,37,44,50,12,40,14,44,0,37,59,67,119,77,70,65,23,44,0,37
45,Avalon Park,3820,433,0,19,110,89,229,116,53,54,263,120,468,159,105,73,295,117,387,154,1079,262,273,145,183,98,375,129,2155,385,0,19,84,84,229,116,53,54,263,120,270,126,61,49,263,119,322,139,384,151,210,130,16,30,0,19,110,91,0,19,0,19,0,19,0,19,0,19,12,24,0,19,0,19,34,57,25,40,39,63,0,19,0,19,323,151,0,19,0,19,0,19,0,19,0,19,7,20,34,55,0,19,0,19,187,105,0,19,95,70,0,19,1076,215,0,19,10,24,0,19,0,19,0,19,179,89,10,21,32,52,12,23,448,156,10,22,0,19,375,129,156,87,0,19,16,31,0,19,0,19,0,19,0,19,0,19,0,19,19,26,35,40,14,25,72,62,0,19
46,South Chicago,9548,702,0,37,549,193,719,179,157,84,1075,248,961,252,149,79,423,154,1073,249,2572,401,693,194,588,176,589,179,6120,596,0,37,357,160,635,167,157,84,974,237,394,139,134,79,312,122,886,229,1323,308,552,181,396,154,0,37,45,46,0,37,0,37,0,37,0,37,9,38,20,42,0,37,0,37,0,37,6,36,10,38,0,37,0,37,915,218,0,37,0,37,43,54,0,37,42,68,17,44,0,37,27,55,115,105,542,164,84,75,45,38,0,37,1751,301,0,37,39,55,41,58,0,37,0,37,464,203,6,37,72,85,9,37,499,136,32,52,0,37,589,179,717,201,0,37,153,113,0,37,0,37,50,56,66,80,9,38,12,39,63,61,202,100,15,38,147,90,0,37
47,Burnside,1181,187,0,11,25,28,75,67,0,11,38,44,126,76,15,25,90,73,180,99,446,129,92,72,20,30,74,62,761,149,0,11,16,24,52,62,0,11,38,44,58,48,15,25,74,69,156,102,260,116,92,72,0,11,0,11,0,11,0,11,0,11,0,11,0,11,0,11,0,11,0,11,0,11,0,11,0,11,0,11,0,11,0,11,56,43,0,11,0,11,0,11,0,11,0,11,0,11,0,11,16,24,0,11,20,22,0,11,20,30,0,11,324,133,0,11,0,11,0,11,0,11,0,11,60,58,0,11,0,11,24,29,166,84,0,11,0,11,74,62,40,46,0,11,9,15,23,37,0,11,0,11,8,16,0,11,0,11,0,11,0,11,0,11,0,11,0,11
48,Calumet Heights,5159,432,0,27,151,83,255,153,102,88,443,172,393,162,125,65,685,180,533,192,1472,251,322,143,146,85,532,175,2862,372,0,27,104,77,255,153,83,86,418,174,254,133,113,58,455,150,408,178,570,165,202,91,0,27,0,27,149,113,0,27,0,27,0,27,19,32,0,27,0,27,0,27,36,57,18,31,18,32,58,92,0,27,0,27,713,187,0,27,9,29,0,27,0,27,10,29,10,28,0,27,60,65,35,45,405,142,47,49,137,89,0,27,1184,236,0,27,13,33,0,27,0,27,6,27,103,88,0,27,16,29,31,43,474,153,0,27,9,27,532,175,251,113,0,27,25,34,0,27,0,27,9,27,26,33,12,31,118,99,41,38,5,26,15,32,0,27,0,27
49,Roseland,14275,788,0,41,449,195,663,171,189,105,1259,236,1640,310,313,128,1090,220,1437,287,4364,439,970,239,828,226,1073,235,8578,701,0,41,273,153,603,161,180,104,1158,232,929,229,230,120,870,207,1123,257,2019,309,876,230,317,173,0,41,175,88,0,41,0,41,0,41,0,41,20,44,28,53,0,41,20,44,27,50,54,67,12,44,14,46,0,41,1509,269,0,41,0,41,36,71,0,41,20,46,20,50,20,49,92,76,103,73,846,195,22,51,350,121,0,41,3341,401,0,41,21,53,24,48,9,42,47,58,585,170,54,71,44,52,110,87,1303,247,60,63,11,44,1073,235,672,175,0,41,155,100,0,41,0,41,14,46,78,69,9,42,64,61,74,64,142,76,0,41,136,90,0,41
50,Pullman,2872,255,21,33,90,78,158,79,61,39,231,126,194,78,43,37,211,107,329,126,1010,171,102,66,203,114,219,91,1473,235,21,33,35,43,158,79,47,34,191,121,94,58,39,36,188,105,212,99,310,107,93,64,85,83,0,19,18,19,0,19,5,18,0,19,0,19,6,18,7,20,0,19,0,19,0,19,0,19,0,19,0,19,0,19,523,180,0,19,0,19,0,19,0,19,0,19,0,19,0,19,5,17,90,71,310,142,0,19,118,85,0,19,765,155,0,19,11,24,0,19,0,19,34,38,93,56,4,17,18,26,16,29,366,107,4,17,0,19,219,91,93,73,0,19,39,64,0,19,14,25,0,19,0,19,0,19,0,19,11,24,24,29,5,18,0,19,0,19
51,South Deering,5772,496,0,25,101,69,589,170,132,84,565,172,714,219,66,50,319,159,719,177,1513,283,375,142,402,151,277,133,3808,429,0,25,56,54,574,166,117,74,550,172,440,185,58,50,275,156,490,156,700,202,349,143,199,106,0,25,104,76,0,25,0,25,0,25,15,32,7,25,0,25,0,25,14,31,31,48,0,25,0,25,37,44,0,25,375,129,0,25,0,25,15,31,0,25,0,25,0,25,0,25,0,25,28,39,215,106,0,25,117,74,0,25,1198,257,0,25,0,25,0,25,0,25,0,25,243,112,8,25,18,29,106,72,527,154,10,26,9,27,277,133,287,111,0,25,45,49,0,25,0,25,8,26,31,53,0,25,12,30,64,55,71,58,16,34,40,43,0,25
52,East Side,8991,648,24,35,717,209,1542,316,344,142,872,224,401,134,99,66,371,144,591,147,1704,266,1325,345,671,213,330,146,6502,630,24,35,549,188,1483,309,312,138,837,221,281,122,83,69,274,108,501,140,635,184,1143,301,380,171,0,29,217,167,0,29,9,28,0,29,5,29,0,29,20,41,0,29,7,27,23,34,26,50,127,161,0,29,0,29,787,174,0,29,15,30,9,31,17,30,10,29,10,31,0,29,22,35,0,29,544,160,4,28,156,79,0,29,1045,220,0,29,46,41,50,68,0,29,0,29,67,42,16,38,10,32,40,43,473,124,13,34,0,29,330,146,440,170,0,29,98,86,0,29,10,32,25,45,23,46,0,29,58,99,27,35,26,47,38,50,135,82,0,29
53,West Pullman,9989,765,22,43,339,129,651,194,181,84,1028,245,1160,288,309,156,744,223,847,275,2809,372,681,215,333,130,885,263,5644,643,22,43,135,78,611,190,169,83,985,241,429,160,250,167,620,195,690,266,998,237,625,210,110,78,0,39,115,72,0,39,0,39,0,39,0,39,0,39,17,44,0,39,48,61,25,37,25,45,0,39,0,39,0,39,873,177,0,39,14,42,27,49,0,39,15,44,19,47,0,39,12,42,34,46,620,150,0,39,132,74,0,39,2868,478,0,39,95,78,13,42,0,39,28,45,655,209,59,75,38,70,53,58,1006,264,36,55,0,39,885,263,489,162,0,39,95,77,0,39,12,42,0,39,40,58,0,39,26,58,45,54,160,95,20,49,91,75,0,39
54,Riverdale,1434,233,0,16,61,56,84,54,27,41,175,99,61,59,57,62,152,131,119,82,386,137,183,98,19,30,110,82,984,207,0,16,50,49,66,46,27,41,175,99,42,49,25,45,152,131,71,57,232,115,144,86,0,16,0,16,26,33,0,16,0,16,0,16,0,16,0,16,0,16,7,15,0,16,19,32,0,16,0,16,0,16,0,16,142,81,0,16,0,16,0,16,0,16,0,16,19,31,0,16,0,16,29,47,36,36,39,45,19,30,0,16,246,126,0,16,11,24,18,32,0,16,0,16,0,16,25,43,0,16,0,16,82,64,0,16,0,16,110,82,36,39,0,16,0,16,0,16,0,16,0,16,0,16,0,16,0,16,0,16,36,39,0,16,0,16,0,16
55,Hegewisch,3916,449,0,19,315,149,473,148,84,59,325,140,278,138,58,55,215,124,334,157,832,229,226,110,278,139,498,176,2486,393,0,19,315,149,465,148,58,50,292,138,215,126,37,47,162,96,284,147,389,165,127,73,142,99,0,19,54,57,0,19,0,19,8,19,17,28,17,28,0,19,0,19,0,19,0,19,0,19,0,19,12,24,0,19,396,169,0,19,0,19,0,19,9,23,0,19,12,24,0,19,0,19,23,41,206,112,62,69,84,94,0,19,844,216,0,19,0,19,0,19,0,19,0,19,51,54,21,35,53,85,9,21,175,79,37,37,0,19,498,176,136,128,0,19,0,19,0,19,0,19,16,27,0,19,0,19,0,19,18,26,62,102,0,19,40,67,0,19
56,Garfield Ridge,15780,720,27,46,913,207,1917,303,447,146,1241,259,1489,269,194,100,1209,251,1767,304,2946,349,1075,254,738,191,1817,269,10351,733,20,46,679,186,1784,293,433,145,1141,247,997,218,169,90,1106,237,1529,293,1185,247,871,227,437,139,0,42,335,127,0,42,79,72,52,66,14,45,51,83,22,45,0,42,9,41,57,52,7,42,10,43,34,48,0,42,989,204,0,42,0,42,0,42,0,42,24,50,11,42,10,43,0,42,17,45,731,169,17,45,179,109,0,42,3495,361,7,42,13,40,31,51,0,42,14,47,432,136,15,47,21,47,43,63,1000,214,72,75,30,50,1817,269,610,175,0,42,142,80,50,55,0,42,11,42,27,46,0,42,73,70,121,79,23,55,105,91,58,84,0,42
57,Archer Heights,5509,419,31,46,596,162,1014,184,215,96,618,147,311,117,146,86,335,108,476,147,691,170,703,205,277,100,96,58,4551,407,31,46,559,162,990,180,149,75,567,139,307,116,134,85,327,106,385,128,296,109,650,190,156,74,0,27,79,64,0,27,13,30,0,27,34,60,8,27,0,27,0,27,0,27,11,31,6,27,0,27,7,27,0,27,295,115,0,27,0,27,21,33,23,43,25,46,0,27,4,26,8,26,5,26,166,92,31,36,12,26,0,27,364,133,0,27,7,25,0,27,9,29,0,27,0,27,8,28,0,27,9,29,213,90,22,40,0,27,96,58,220,104,0,27,17,33,3,27,0,27,18,30,4,27,0,27,0,27,66,74,10,27,0,27,102,65,0,27
58,Brighton Park,17731,932,140,142,1252,264,3609,475,538,145,1655,305,954,228,303,140,807,194,1736,321,1979,299,3159,482,1267,248,332,154,14890,904,127,141,991,239,3532,469,528,144,1580,296,698,195,257,133,772,191,1584,308,977,212,2899,466,945,222,0,43,228,111,0,43,21,50,23,47,10,45,23,53,26,48,0,43,19,41,11,45,0,43,95,92,0,43,0,43,829,194,0,43,62,68,0,43,0,43,8,42,17,49,46,65,9,44,11,45,410,133,90,65,176,91,0,43,1082,252,0,43,0,43,0,43,0,43,0,43,188,107,0,43,0,43,35,53,527,166,0,43,0,43,332,154,702,203,13,47,178,96,54,96,0,43,44,74,25,51,0,43,7,44,95,72,65,58,75,64,146,93,0,43
59,McKinley Park,7208,477,22,33,391,123,1009,211,328,137,903,225,543,180,181,87,413,131,1056,240,886,178,1044,241,271,97,161,87,5879,470,22,33,357,123,1001,211,328,137,850,219,372,157,120,82,339,118,930,215,452,133,985,237,123,68,0,25,235,106,0,25,0,25,8,26,0,25,0,25,42,65,36,48,0,25,88,77,0,25,24,34,37,40,0,25,310,87,0,25,0,25,0,25,0,25,15,26,16,34,0,25,26,35,0,25,170,66,27,36,56,36,0,25,568,159,0,25,6,21,0,25,0,25,0,25,94,60,25,37,20,40,18,30,244,92,0,25,0,25,161,87,216,104,0,25,28,43,0,25,0,25,38,59,19,29,0,25,28,35,20,28,20,37,8,23,55,50,0,25
60,Bridgeport,15976,780,9,38,912,207,1431,252,502,144,1439,266,629,139,226,99,928,186,1646,259,3110,368,3437,416,945,243,762,159,11217,726,9,38,589,180,1377,250,489,144,1252,240,318,107,201,96,831,176,1405,238,1187,232,2900,398,659,211,0,37,594,175,0,37,81,68,20,42,3,35,70,62,0,37,0,37,48,57,95,80,50,49,209,108,18,34,0,37,1489,249,0,37,55,65,11,40,0,37,24,42,0,37,15,38,23,47,34,39,987,185,118,92,222,94,0,37,2040,297,0,37,107,69,0,37,0,37,0,37,279,92,0,37,0,37,68,54,775,201,41,43,8,37,762,159,636,170,0,37,80,55,23,42,10,38,93,104,32,41,10,38,26,39,44,51,111,75,169,84,38,46,0,37
61,New City,14477,836,52,77,1057,243,2611,349,785,198,1502,290,806,179,174,95,671,168,1863,281,1855,268,1857,315,729,172,515,140,11425,792,52,77,869,208,2528,342,740,190,1424,284,507,145,124,87,649,170,1664,268,691,168,1721,307,456,131,0,47,138,98,0,47,24,53,21,57,0,47,0,47,28,56,0,47,7,47,0,47,11,44,47,79,0,47,0,47,816,175,0,47,0,47,45,62,0,47,16,46,22,53,26,53,5,46,95,71,508,133,0,47,99,65,0,47,1500,249,0,47,26,52,17,53,0,47,0,47,236,102,24,54,0,47,87,68,522,156,73,67,0,47,515,140,598,171,0,47,138,106,0,47,45,67,62,57,13,50,0,47,10,48,17,46,123,76,16,46,174,105,0,47
62,West Elsdon,7862,504,22,41,551,156,1489,284,386,154,803,201,470,149,169,107,313,114,797,202,1200,222,1013,254,332,123,317,129,6155,489,22,41,481,149,1469,286,359,152,693,180,326,119,161,107,272,110,736,200,512,175,915,229,209,101,0,27,40,39,0,27,9,27,0,27,7,25,12,27,0,27,0,27,12,32,0,27,0,27,0,27,0,27,0,27,429,128,0,27,0,27,13,38,0,27,27,45,34,42,8,28,0,27,12,32,234,92,0,27,101,67,0,27,885,186,0,27,10,27,0,27,0,27,0,27,72,59,0,27,29,48,30,39,395,120,32,48,0,27,317,129,353,151,0,27,51,46,7,25,20,27,71,78,38,47,0,27,0,27,19,29,59,56,66,106,22,36,0,27
63,Gage Park,15138,942,31,62,1228,280,3608,498,619,197,1838,396,519,162,176,96,438,165,1902,363,1606,301,2066,376,868,231,239,107,13220,935,31,62,1034,266,3453,488,609,195,1775,392,392,149,123,77,420,163,1799,358,946,225,1900,369,738,222,0,41,133,78,0,41,44,52,7,41,10,41,11,43,23,54,0,41,0,41,0,41,6,39,0,41,32,50,0,41,626,204,0,41,14,44,121,103,0,41,34,42,17,47,7,39,18,42,31,52,255,106,104,73,25,42,0,41,768,208,0,41,0,41,0,41,0,41,0,41,87,67,46,68,0,41,22,44,350,153,24,47,0,41,239,107,391,141,0,41,136,94,27,50,0,41,18,48,0,41,0,41,0,41,50,52,49,41,38,53,73,58,0,41
64,Clearing,11250,693,16,44,541,170,1515,297,406,158,1112,279,836,203,216,103,796,211,1398,296,1560,336,937,258,647,169,1270,249,7644,670,16,44,360,142,1473,295,360,153,1070,275,577,159,189,98,697,195,1194,272,542,182,761,234,405,150,0,31,119,77,0,31,8,32,0,31,19,40,26,36,36,64,3,30,9,33,9,33,0,31,9,33,0,31,0,31,566,150,0,31,0,31,27,37,6,31,0,31,4,31,12,35,10,31,22,37,337,129,24,38,124,58,0,31,2330,324,0,31,57,60,0,31,11,34,0,31,129,63,12,36,15,33,69,89,629,206,134,96,4,31,1270,249,591,207,0,31,116,78,15,33,10,33,16,33,90,104,0,31,65,87,104,99,52,60,9,33,114,76,0,31
65,West Lawn,13726,758,41,73,1171,264,2240,466,614,199,1343,318,866,250,247,127,936,235,1181,247,2037,320,1504,346,888,238,658,187,10662,778,41,73,933,245,2209,466,593,198,1291,311,701,226,189,102,902,233,980,221,785,205,1363,342,675,218,0,34,166,76,0,34,28,37,0,34,0,34,6,31,40,42,26,47,0,34,7,34,10,36,12,35,37,48,0,34,829,200,0,34,0,34,12,34,0,34,5,34,37,53,20,47,28,38,72,53,467,152,38,43,150,87,0,34,1587,287,0,34,73,67,0,34,0,34,0,34,68,59,12,36,0,34,0,34,709,213,67,56,0,34,658,187,482,167,0,34,137,76,19,40,21,37,41,48,20,34,0,34,6,34,122,113,66,60,24,50,26,41,0,34
66,Chicago Lawn,18860,1011,79,90,1416,416,2478,380,569,187,1769,349,1780,321,307,139,937,236,2116,355,3801,442,1770,309,1162,280,676,197,13435,884,79,90,1248,377,2359,377,552,184,1661,326,997,236,283,138,846,222,1815,321,1498,278,1495,279,602,198,0,49,274,117,0,49,29,66,0,49,0,49,34,59,15,51,12,47,0,49,32,53,46,62,50,65,56,72,0,49,1565,316,0,49,0,49,60,54,0,49,7,48,30,55,0,49,23,51,26,57,1066,273,103,78,250,107,0,49,2703,402,0,49,9,45,36,54,0,49,0,49,711,223,12,49,68,77,121,95,962,210,108,93,0,49,676,197,883,236,0,49,130,102,23,59,17,55,67,75,27,61,0,49,0,49,122,99,229,127,14,46,254,148,0,49
67,West Englewood,9013,597,15,52,223,108,701,171,124,82,948,199,950,193,91,66,381,117,800,170,2978,339,737,194,584,145,481,146,5978,525,15,52,151,92,659,175,106,77,936,198,618,161,77,63,365,116,684,165,1370,220,658,189,339,117,0,48,73,65,0,48,0,48,0,48,0,48,0,48,14,52,0,48,11,50,0,48,38,57,0,48,10,50,0,48,1024,217,0,48,0,48,33,64,0,48,0,48,0,48,0,48,5,48,16,49,821,206,50,57,99,63,0,48,1528,237,0,48,0,48,9,49,0,48,4,47,298,104,0,48,0,48,46,71,669,158,21,52,0,48,481,146,410,124,0,48,72,69,0,48,18,54,8,49,20,51,14,52,0,48,54,65,80,67,8,49,136,76,0,48
68,Englewood,7289,574,10,37,171,100,245,101,173,78,855,232,907,199,107,69,355,119,686,169,2280,318,737,190,364,132,399,156,4439,462,0,36,31,49,245,101,173,78,827,229,518,144,62,58,280,113,602,158,977,219,649,180,75,54,0,36,38,48,0,36,19,46,0,36,0,36,0,36,0,36,0,36,0,36,10,38,9,38,0,36,0,36,0,36,1014,211,0,36,6,36,0,36,0,36,21,48,0,36,32,48,26,46,47,54,598,158,50,55,234,110,0,36,1346,265,10,37,0,36,0,36,0,36,7,37,348,135,0,36,10,39,27,48,507,167,38,46,0,36,399,156,452,154,0,36,115,89,0,36,0,36,0,36,41,58,13,40,39,42,0,36,189,103,0,36,55,63,0,36
69,Greater Grand Crossing,11270,709,0,38,186,94,728,224,158,94,1062,244,1212,254,258,113,742,196,1057,224,3594,403,1044,241,639,185,590,135,7102,632,0,38,77,71,728,224,148,93,1034,245,719,203,251,113,659,188,766,181,1607,293,854,221,259,120,0,38,134,108,0,38,0,38,0,38,0,38,0,38,0,38,0,38,0,38,78,80,56,82,0,38,0,38,0,38,1231,251,0,38,0,38,0,38,10,42,0,38,24,47,7,38,35,47,41,46,774,192,73,69,267,134,0,38,2286,324,0,38,18,45,0,38,0,38,7,38,440,142,0,38,33,47,82,72,1022,230,75,64,19,48,590,135,517,144,0,38,91,72,0,38,0,38,21,42,29,50,0,38,15,41,90,62,135,76,42,53,94,68,0,38
70,Ashburn,18862,886,75,84,949,258,1753,297,510,168,1680,327,2112,365,380,160,1289,311,1630,319,4198,469,1310,271,792,203,2184,353,11910,872,75,84,737,237,1753,297,502,168,1621,325,1266,319,322,153,1074,297,1320,269,1720,326,1139,257,381,139,0,41,157,86,0,41,45,64,0,41,0,41,15,46,36,50,0,41,8,40,27,49,9,41,0,41,17,47,0,41,1652,312,0,41,0,41,0,41,8,40,21,42,35,48,30,50,60,57,78,54,1015,274,28,46,377,141,0,41,4879,490,0,41,110,74,0,41,0,41,0,41,765,207,28,46,121,86,145,97,1394,305,132,101,0,41,2184,353,264,127,0,41,57,58,0,41,0,41,23,39,10,42,0,41,26,46,60,76,60,73,11,41,17,42,0,41
71,Auburn Gresham,15369,917,0,46,366,137,944,235,254,133,1956,338,1821,334,262,136,1010,268,1584,286,4285,475,1240,263,757,208,890,210,9851,731,0,46,256,118,823,214,229,128,1906,334,833,216,247,136,878,234,1413,275,1807,288,1126,261,333,137,0,46,143,95,0,46,36,61,0,46,0,46,0,46,9,46,0,46,0,46,32,56,27,62,0,46,39,65,0,46,1796,312,0,46,0,46,121,108,0,46,16,49,11,48,0,46,56,57,59,65,1240,271,22,47,271,109,0,46,3115,411,0,46,3,45,0,46,25,54,0,46,962,235,9,46,76,84,50,57,1029,218,61,64,10,47,890,210,464,158,0,46,71,72,0,46,0,46,34,70,6,46,6,45,0,46,30,57,182,101,31,55,104,77,0,46
72,Beverly,10026,464,34,39,385,112,449,125,215,99,473,148,516,143,171,86,922,174,1174,198,3194,293,468,124,355,113,1670,272,4397,377,10,29,261,91,427,125,162,80,408,141,298,113,123,80,739,161,845,169,682,144,350,110,92,60,0,29,438,117,8,29,9,30,7,29,21,43,22,36,12,32,17,32,59,59,149,69,103,72,31,41,0,29,0,29,1212,189,0,29,17,32,0,29,0,29,0,29,0,29,0,29,6,28,14,30,892,164,41,42,242,92,0,29,3488,349,16,38,40,34,10,32,0,29,9,31,206,94,20,33,75,59,19,32,1401,206,22,34,0,29,1670,272,491,127,0,29,58,56,5,29,32,58,34,32,0,29,11,32,43,35,147,64,116,65,24,31,21,38,0,29
73,Washington Heights,9320,602,0,33,183,99,561,200,152,103,742,184,1091,261,358,140,516,154,957,215,2899,388,741,197,425,157,695,165,5455,502,0,33,71,53,557,200,152,103,702,185,637,212,267,132,406,141,798,201,1168,277,600,184,97,56,0,33,182,100,0,33,24,45,0,33,0,33,0,33,0,33,0,33,24,41,10,35,100,89,24,42,0,33,0,33,826,197,0,33,0,33,4,32,0,33,0,33,13,38,20,45,10,35,107,98,456,130,38,41,178,87,0,33,2496,347,0,33,58,65,0,33,0,33,40,48,410,149,71,51,63,46,16,37,1091,273,52,60,0,33,695,165,361,162,0,33,30,59,0,33,0,33,0,33,31,48,0,33,13,38,26,39,84,60,27,47,150,128,0,33
74,Mount Greenwood,9157,489,0,25,557,153,325,114,174,81,476,146,622,184,123,65,597,163,506,151,2672,328,564,185,308,132,2233,282,4394,441,0,25,391,132,277,107,174,81,437,142,388,156,112,63,509,165,264,96,1132,227,527,187,183,97,0,25,213,111,0,25,8,26,16,31,0,25,29,40,0,25,0,25,0,25,121,95,39,49,0,25,0,25,0,25,795,168,0,25,0,25,13,30,0,25,0,25,12,29,11,29,61,50,34,42,541,135,11,27,112,88,0,25,3624,327,0,25,143,85,13,27,0,25,0,25,222,113,0,25,14,29,40,33,927,219,26,28,6,25,2233,282,131,64,0,25,15,34,6,25,0,25,10,27,0,25,0,25,13,26,47,37,33,38,0,25,7,25,0,25
75,Morgan Park,9471,641,0,31,334,134,421,127,106,76,846,193,653,156,205,121,655,313,949,202,2979,349,664,209,431,138,1228,247,4697,521,0,31,181,86,392,125,106,76,738,176,347,130,194,120,448,193,712,190,956,253,445,148,178,80,0,31,249,113,0,31,10,33,10,34,0,31,52,70,0,31,0,31,34,51,72,46,8,32,52,77,11,34,0,31,1020,218,0,31,0,31,0,31,0,31,20,42,16,34,0,31,62,63,11,32,645,160,57,50,209,106,0,31,3094,365,0,31,21,35,19,35,0,31,8,32,274,99,11,34,98,120,89,62,1311,230,35,41,0,31,1228,247,411,156,0,31,122,94,0,31,0,31,28,53,16,39,0,31,13,35,65,52,59,63,75,66,33,46,0,31
76,O'Hare,7321,628,0,38,396,183,791,278,171,121,686,294,1161,316,44,66,538,198,940,313,1179,302,744,228,353,137,318,116,5723,626,0,38,245,146,735,273,171,121,686,294,948,300,44,66,501,194,840,291,738,239,680,208,135,94,0,38,175,106,0,38,39,72,0,38,0,38,0,38,38,55,0,38,6,38,39,55,18,49,8,38,27,57,0,38,428,161,0,38,13,41,56,73,0,38,0,38,0,38,0,38,20,50,0,38,262,133,0,38,77,68,0,38,640,180,0,38,0,38,0,38,0,38,0,38,125,110,0,38,11,41,13,43,161,104,12,42,0,38,318,116,355,153,0,38,99,87,0,38,0,38,0,38,50,68,0,38,0,38,48,68,0,38,44,66,114,83,0,38
77,Edgewater,31269,1150,18,52,558,251,1422,307,447,155,3035,423,1254,287,872,200,3078,434,5003,534,8148,645,4427,672,1947,351,1060,254,20856,1079,12,51,411,239,1350,298,392,147,2832,426,943,251,735,195,2697,409,3963,484,3174,426,3547,637,800,247,0,48,1046,247,0,48,78,69,23,53,25,62,96,92,44,61,0,48,44,62,335,153,227,106,151,101,23,53,0,48,4384,478,0,48,16,52,5,48,0,48,33,54,2,48,81,65,161,86,134,78,2787,389,297,118,868,211,0,48,3095,426,0,48,0,48,0,48,0,48,0,48,154,100,21,51,50,80,43,68,1652,311,115,99,0,48,1060,254,1888,307,6,50,53,57,44,84,30,56,74,61,111,93,35,53,126,80,528,182,308,119,317,133,256,125,0,48
