area_id,area_name,b01001b001,b01001b001_moe,b01001b002,b01001b002_moe,b01001b003,b01001b003_moe,b01001b004,b01001b004_moe,b01001b005,b01001b005_moe,b01001b006,b01001b006_moe,b01001b007,b01001b007_moe,b01001b008,b01001b008_moe,b01001b009,b01001b009_moe,b01001b010,b01001b010_moe,b01001b011,b01001b011_moe,b01001b012,b01001b012_moe,b01001b013,b01001b013_moe,b01001b014,b01001b014_moe,b01001b015,b01001b015_moe,b01001b016,b01001b016_moe,b01001b017,b01001b017_moe,b01001b018,b01001b018_moe,b01001b019,b01001b019_moe,b01001b020,b01001b020_moe,b01001b021,b01001b021_moe,b01001b022,b01001b022_moe,b01001b023,b01001b023_moe,b01001b024,b01001b024_moe,b01001b025,b01001b025_moe,b01001b026,b01001b026_moe,b01001b027,b01001b027_moe,b01001b028,b01001b028_moe,b01001b029,b01001b029_moe,b01001b030,b01001b030_moe,b01001b031,b01001b031_moe
BK09,Brooklyn Heights-Cobble Hill,1282,346,575,245,0,29,0,29,0,29,0,29,55,75,63,48,48,53,14,35,99,80,162,122,49,45,26,38,5,29,54,90,707,211,18,35,0,29,0,29,14,34,34,49,57,63,101,93,55,50,39,37,120,84,39,41,144,100,39,44,47,55
BK17,Sheepshead Bay-Gerritsen Beach-Manhattan Beach,4584,737,2009,447,152,119,130,108,224,150,62,66,26,66,252,144,174,125,144,122,280,151,180,121,170,98,137,86,47,66,31,67,2575,468,205,131,118,86,146,105,59,102,95,99,206,120,112,107,196,118,317,133,546,181,159,96,262,117,89,67,65,61
BK19,Brighton Beach,526,262,230,115,39,60,0,38,1,36,0,38,0,38,29,54,16,44,0,38,59,76,32,40,43,50,11,39,0,38,0,38,296,174,53,78,0,38,11,42,8,39,0,38,54,70,22,43,12,42,22,48,20,43,44,50,24,51,5,38,21,38
BK21,Seagate-Coney Island,10739,1065,4531,663,237,133,302,135,294,118,395,164,295,126,658,235,264,164,132,125,361,147,675,215,366,145,264,112,288,144,0,38,6208,626,271,142,416,154,338,136,354,143,185,106,576,201,457,158,175,93,702,184,1112,218,617,162,559,162,305,129,141,71
BK23,West Brighton,168,112,28,34,0,27,0,27,0,27,0,27,0,27,1,24,0,27,0,27,1,24,0,27,11,31,15,33,0,27,0,27,140,106,0,27,0,27,0,27,0,27,0,27,0,27,0,27,0,27,28,40,0,27,23,37,38,66,51,68,0,27
BK25,Homecrest,484,272,216,113,11,50,0,48,2,47,36,70,0,48,10,50,30,55,72,80,2,47,36,61,0,48,13,49,0,48,4,47,268,192,11,49,0,48,70,122,0,48,0,48,0,48,26,58,24,52,25,53,23,59,61,76,21,57,3,47,4,46
BK26,Gravesend,2338,580,956,352,58,96,131,105,141,132,18,50,50,80,76,63,59,65,79,83,119,81,110,98,8,35,92,87,12,38,3,34,1382,338,0,36,78,81,92,114,123,103,35,57,83,76,170,145,100,96,174,102,194,94,133,94,124,76,56,66,20,37
BK27,Bath Beach,641,407,385,314,21,50,47,69,116,176,31,50,12,43,0,40,0,40,21,51,63,76,0,40,0,40,29,54,45,67,0,40,256,133,0,40,0,40,50,58,0,40,0,40,10,40,0,40,51,58,53,72,25,47,58,64,4,38,5,39,0,40
BK28,Bensonhurst West,769,248,293,125,8,61,8,64,10,65,0,64,0,64,9,64,46,77,44,79,53,74,40,69,42,67,5,60,1,63,27,74,476,182,66,80,46,68,9,63,9,63,0,64,48,78,74,76,32,75,85,83,21,65,18,63,34,68,15,65,19,66
BK29,Bensonhurst East,628,246,403,176,15,53,18,57,17,56,47,72,30,68,3,48,14,54,6,51,122,89,29,55,58,69,35,63,9,50,0,51,225,118,0,51,15,52,9,52,0,51,0,51,36,64,23,61,15,53,33,57,46,65,13,50,34,57,1,50,0,51
BK30,Dyker Heights,505,231,194,120,27,65,8,50,0,51,0,51,13,54,0,51,59,81,22,53,31,58,2,48,18,49,14,51,0,51,0,51,311,159,0,51,0,51,0,51,0,51,0,51,31,69,65,77,70,115,55,59,13,51,25,51,11,52,23,55,18,55
BK31,Bay Ridge,1769,483,960,346,151,162,83,99,33,68,0,66,0,66,37,71,102,83,139,123,191,101,145,95,36,69,31,69,0,66,12,63,809,212,64,85,0,66,8,66,24,67,0,66,40,72,176,114,70,77,129,87,150,94,81,80,29,70,20,65,18,63
BK32,Sunset Park West,2766,463,1778,327,24,53,87,96,0,49,27,56,57,64,209,107,291,138,287,126,370,128,263,118,122,83,31,59,9,50,1,47,988,234,73,74,13,51,21,58,0,49,19,53,38,61,96,76,155,96,119,72,179,92,141,78,91,66,41,56,2,47
BK33,Carroll Gardens-Columbia Street-Red Hook,4793,639,1833,381,77,74,154,106,190,107,110,92,164,133,177,104,35,50,117,86,277,129,198,122,179,142,48,63,84,72,23,50,2960,441,97,85,320,149,242,117,161,114,16,49,228,134,176,119,298,131,313,137,387,148,278,121,185,87,171,99,88,56
BK34,Sunset Park East,1955,541,1083,330,27,67,97,90,176,124,79,80,31,74,168,122,86,76,92,92,123,83,134,108,47,65,11,57,11,59,1,58,872,258,26,67,37,60,35,72,46,71,0,59,151,115,142,102,41,71,135,92,194,96,62,68,0,59,2,54,1,56
BK35,Stuyvesant Heights,48310,2031,21369,1179,1784,320,1549,299,1296,250,1053,254,764,219,1863,340,1363,285,1581,307,3255,393,3357,415,1887,295,1097,216,415,133,105,76,26941,1289,1626,325,1525,316,1811,315,1232,248,654,183,1916,325,2072,323,2262,336,3488,383,3660,376,3297,344,2052,268,1002,193,344,108
BK37,Park Slope-Gowanus,5138,830,2504,469,137,85,163,107,220,130,26,59,46,75,137,104,194,104,103,83,549,192,423,156,263,114,153,75,27,59,63,69,2634,473,167,129,175,129,26,63,107,82,11,59,185,133,140,84,154,81,419,160,379,132,421,142,182,98,119,68,149,117
BK38,DUMBO-Vinegar Hill-Downtown Brooklyn-Boerum Hill,8643,812,3832,478,352,143,242,108,402,152,174,84,207,111,389,161,305,127,264,116,371,134,530,180,365,126,123,80,43,46,65,60,4811,532,107,110,298,133,248,122,212,107,185,107,363,139,440,157,404,139,700,185,835,187,393,124,305,93,269,107,52,49
BK40,Windsor Terrace,1490,475,644,256,65,77,21,35,0,32,33,61,0,32,49,73,37,46,26,51,123,87,69,57,87,81,63,73,49,48,22,31,846,262,26,49,45,63,38,42,8,30,0,32,85,72,105,82,80,87,105,69,144,90,78,75,65,65,44,42,23,38
BK41,Kensington-Ocean Parkway,2904,669,1351,368,100,102,55,74,46,55,11,40,29,49,22,51,196,131,142,105,281,140,112,78,102,69,172,103,63,75,20,46,1553,381,88,72,51,69,99,86,55,58,8,40,67,62,167,111,97,83,317,129,99,62,249,103,158,83,65,53,33,48
BK42,Flatbush,53608,2184,23080,1235,1865,354,1457,291,1692,327,1202,285,702,195,1827,342,1666,341,1583,322,3027,401,3825,433,2555,354,1245,222,331,130,103,96,30528,1430,1917,344,1507,266,1688,320,1164,268,971,250,2591,395,1955,340,1977,320,4767,466,4848,449,3839,401,2020,280,925,175,359,139
BK43,Midwood,2654,554,1257,386,30,51,130,112,57,63,14,51,40,59,59,64,160,153,219,121,247,163,148,86,110,78,10,47,25,52,8,50,1397,294,50,67,64,73,67,76,72,72,25,55,21,54,92,78,214,112,188,106,275,109,160,90,70,62,54,60,45,53
BK44,Madison,402,223,198,133,0,46,1,45,0,46,40,77,0,46,49,79,0,46,7,47,42,64,19,48,40,57,0,46,0,46,0,46,204,115,0,46,0,46,13,49,0,46,19,55,15,48,13,49,0,46,33,56,78,79,29,55,0,46,1,45,3,42
BK45,Georgetown-Marine Park-Bergen Beach-Mill Basin,5983,931,2871,503,339,174,255,135,257,133,168,104,19,61,120,84,266,150,198,119,429,154,323,125,321,136,95,84,58,78,23,59,3112,533,260,142,283,130,188,106,95,89,39,65,139,128,354,170,262,128,444,163,413,139,382,133,153,104,100,80,0,55
BK46,Ocean Parkway South,169,98,58,45,14,38,9,37,0,36,0,36,0,36,0,36,25,42,0,36,1,34,2,34,5,35,0,36,2,34,0,36,111,72,11,38,0,36,10,37,0,36,13,38,10,37,26,43,10,37,0,36,12,38,0,36,11,38,6,35,2,34
BK50,Canarsie,72470,2113,32022,1232,2486,362,2324,308,2190,301,2183,319,1325,254,2738,355,2336,346,2214,325,4069,437,4980,439,3393,348,1171,217,500,140,113,83,40448,1327,1967,315,2862,354,2917,330,2065,304,1097,229,3024,383,2731,361,2978,344,5937,438,6772,461,4759,405,2130,267,808,178,401,118
BK58,Flatlands,51069,1740,22277,992,1324,255,1384,252,1543,274,999,189,742,178,2459,338,1687,297,1569,307,2672,335,3181,363,2722,312,1436,222,420,131,139,91,28792,1124,1397,256,1537,263,1887,282,1529,266,714,175,1924,293,1825,282,1752,266,3842,360,4995,408,3896,360,2297,259,801,166,396,132
BK60,Prospect Lefferts Gardens-Wingate,54533,2243,24592,1301,1825,338,1975,335,1333,262,1095,259,651,193,2328,365,1706,334,1553,329,3201,446,3112,456,2942,381,1842,315,804,200,225,131,29941,1405,1264,315,1367,315,1512,296,932,225,808,219,2058,361,2490,438,1969,351,4184,449,4257,464,4504,451,2505,320,1366,245,725,170
BK61,Crown Heights North,76884,2304,32812,1347,2289,375,2183,361,2486,382,1794,324,1312,269,2391,350,2613,393,2019,340,3922,454,5402,518,3007,383,2362,322,536,139,496,153,44072,1551,2419,350,2009,352,2936,420,2190,354,1060,228,2376,374,3525,452,3034,411,6531,561,6520,528,5047,450,3323,343,2082,292,1020,201
BK63,Crown Heights South,27257,1454,12182,947,880,225,681,205,1094,248,449,149,440,147,1139,313,953,254,702,195,1635,282,1327,267,1682,274,661,160,418,133,121,72,15075,918,456,147,1062,330,845,210,623,214,340,120,1317,242,853,233,878,237,1880,261,2394,307,2143,283,1318,200,746,166,220,99
BK64,Prospect Heights,5824,725,2589,481,74,55,81,77,95,60,57,54,37,45,132,81,189,114,223,121,430,139,519,184,440,175,193,87,82,79,37,45,3235,439,84,68,182,117,124,88,115,83,137,100,90,68,155,105,271,116,385,139,501,161,584,160,328,126,184,79,95,61
BK68,Fort Greene,11844,885,4480,542,156,80,289,129,309,114,180,95,129,70,589,184,410,155,254,111,611,190,668,191,472,131,246,93,130,88,37,44,7364,561,579,239,232,124,430,175,187,84,385,169,632,181,379,126,481,154,863,200,861,176,1070,209,667,157,394,118,204,103
BK69,Clinton Hill,15204,1099,7050,673,317,130,510,172,337,139,236,118,237,102,571,163,397,169,440,160,1052,246,961,237,976,189,639,161,237,107,140,89,8154,693,312,139,283,137,363,149,215,103,114,76,376,130,595,211,630,168,1279,254,1107,206,1370,223,885,160,341,116,284,107
BK72,Williamsburg,913,189,473,145,41,54,69,73,29,53,29,53,0,36,8,37,52,65,52,81,27,54,64,63,28,43,32,41,42,66,0,36,440,135,15,42,0,36,13,38,0,36,16,41,10,38,40,47,49,63,75,61,0,36,64,51,94,74,51,61,13,42
BK73,North Side-South Side,2605,567,1259,331,140,119,133,90,64,66,25,53,47,61,117,92,97,89,151,133,180,122,174,109,84,67,44,54,3,47,0,48,1346,331,68,68,54,68,17,51,32,52,53,62,151,105,131,81,140,117,169,98,295,126,113,74,52,58,56,58,15,50
BK75,Bedford,37726,1730,17067,990,1335,269,984,224,1270,262,936,206,628,181,1427,289,1468,300,1283,262,2513,344,2240,307,1398,254,1045,205,442,137,98,84,20659,1071,1003,231,897,210,1372,264,972,213,609,175,1661,308,1478,276,1550,280,3118,364,3057,347,2381,298,1371,211,981,182,209,94
BK76,Greenpoint,304,119,212,106,23,48,5,41,0,42,6,42,0,42,7,42,6,42,56,67,58,74,36,62,15,46,0,42,0,42,0,42,92,67,0,42,0,42,6,42,0,42,0,42,29,54,0,42,28,49,22,43,0,42,0,42,0,42,4,41,3,40
BK77,Bushwick North,7838,1127,3814,623,355,163,225,108,243,123,277,135,162,84,501,173,298,143,316,137,483,184,537,159,270,107,60,58,87,65,0,54,4024,627,226,113,268,151,312,144,143,99,161,105,375,159,389,149,398,168,552,164,531,149,315,118,242,96,74,62,38,49
BK78,Bushwick South,22571,1582,9565,831,677,194,797,204,886,222,480,174,345,138,871,240,839,217,568,186,1162,252,1029,208,959,213,638,158,223,94,91,85,13006,1018,640,181,907,238,946,223,415,159,493,175,1140,254,1306,278,783,192,1688,280,1894,301,1266,241,828,181,551,136,149,92
BK79,Ocean Hill,25768,1340,11179,763,861,217,856,201,1258,247,542,145,498,163,839,226,1068,255,487,163,1305,246,1777,336,586,154,805,175,249,86,48,55,14589,880,1211,254,951,206,1036,232,550,142,387,130,1197,243,1058,225,988,210,2420,289,2105,312,1127,202,941,176,466,125,152,76
BK81,Brownsville,45867,1689,18496,1057,1759,341,1824,315,2142,360,1188,243,564,170,1826,362,1432,270,1078,262,1806,331,1924,290,1556,265,950,201,393,132,54,57,27371,1148,1935,373,1508,293,1962,344,1223,233,1054,267,1935,341,2295,356,1798,294,3731,379,3967,394,2640,345,1907,264,1073,187,343,130
BK82,East New York,65258,2318,27886,1318,2511,413,2642,369,2775,363,1875,302,1122,257,2418,380,1456,278,1741,308,3750,437,3044,382,2384,340,1335,241,675,155,158,93,37372,1473,2569,400,2834,390,2721,386,1606,290,1166,232,2886,372,3086,405,2783,353,4960,461,5044,437,3672,373,2459,279,1068,196,518,210
BK83,Cypress Hills-City Line,13207,1319,6288,722,537,171,383,127,775,198,348,127,199,110,584,174,405,153,503,173,918,220,743,176,541,159,215,96,120,75,17,50,6919,778,721,242,515,175,303,132,230,97,242,99,706,195,702,210,638,168,992,203,904,188,512,143,252,83,187,88,15,48
BK85,East New York (Pennsylvania Ave),21770,1242,9490,697,799,198,888,196,1126,220,648,173,366,137,1202,274,553,152,468,144,1012,215,1029,206,881,189,361,107,147,66,10,38,12280,810,1098,258,867,222,753,189,767,180,353,138,995,209,862,200,870,194,1814,277,1915,264,1085,201,525,118,347,107,29,40
BK88,Borough Park,901,289,433,167,17,71,32,70,0,68,19,73,0,68,32,64,46,82,55,86,53,76,60,73,69,96,15,69,30,72,5,67,468,171,55,89,24,70,32,71,1,67,44,81,15,67,63,82,0,68,24,66,52,74,73,85,26,73,38,76,21,67
BK90,East Williamsburg,3455,576,1394,330,141,88,154,114,124,115,60,54,33,50,4,39,175,116,140,99,185,98,96,92,105,62,28,43,126,69,23,45,2061,398,119,89,57,59,153,97,3,38,67,73,145,86,112,78,192,93,254,115,226,119,141,72,226,88,239,111,127,77
BK91,East Flatbush-Farragut,48539,1752,21284,1001,1234,251,1459,255,1416,269,823,186,725,174,1499,282,1803,330,1626,306,2586,345,2772,338,2851,346,1549,230,763,170,178,87,27255,1086,1528,290,1223,260,1533,269,1096,212,579,166,2054,311,1984,307,1946,320,3679,381,3954,366,3736,368,2331,278,1258,207,354,109
BK93,Starrett City,6231,847,1983,498,214,118,298,203,207,122,112,86,16,30,235,202,150,136,156,103,154,102,122,94,106,85,107,72,106,69,0,24,4248,511,111,101,232,109,284,115,143,92,51,50,465,263,138,98,339,170,646,184,784,246,332,151,364,140,239,115,120,100
BK95,Erasmus,26096,1355,11787,823,956,249,1112,262,733,192,674,184,423,136,705,205,789,208,1003,242,1566,276,1621,263,1162,223,614,152,259,99,170,77,14309,881,860,217,563,166,932,204,448,139,446,150,1142,277,1149,238,901,202,2140,301,2324,291,1639,254,992,178,477,126,296,116
BK96,Rugby-Remsen Village,52145,1813,23402,1058,1823,335,1598,279,1675,263,1153,233,759,179,1617,295,1944,347,1282,254,2736,364,3293,395,2829,361,1711,247,851,186,131,81,28743,1178,1622,305,1262,244,1523,279,848,190,767,205,2153,323,1838,318,1786,295,4236,419,4747,433,3909,382,2407,285,1116,230,529,144
BK99,park-cemetery-etc-Brooklyn,95,130,57,77,0,40,0,40,0,40,18,48,0,40,19,49,0,40,0,40,20,50,0,40,0,40,0,40,0,40,0,40,38,71,0,40,0,40,19,48,0,40,0,40,0,40,0,40,19,48,0,40,0,40,0,40,0,40,0,40,0,40
BX01,Claremont-Bathgate,14602,1208,6340,705,639,201,478,145,612,188,345,136,326,127,686,234,539,202,419,138,681,200,850,209,406,133,307,167,34,52,18,42,8262,783,601,163,572,162,639,215,431,155,363,133,893,225,502,161,595,168,1109,222,1238,226,519,175,463,155,248,119,89,62
BX03,Eastchester-Edenwald-Baychester,26778,1810,11856,1009,954,304,1075,283,855,221,738,188,556,185,882,244,817,262,569,242,1171,327,1960,419,1122,249,842,216,200,89,115,71,14922,1134,794,303,602,231,1035,253,1054,276,499,197,1067,249,1187,300,752,216,1872,333,2733,348,1699,295,919,192,490,150,219,93
BX05,Bedford Park-Fordham North,11210,1186,5509,677,491,191,335,147,424,168,271,131,246,119,398,155,401,145,262,133,960,233,737,221,638,189,290,145,46,59,10,51,5701,683,416,195,279,134,294,139,266,147,128,100,330,137,562,181,647,241,919,229,977,219,488,137,245,124,107,75,43,67
BX06,Belmont,5558,759,2526,372,182,91,147,93,315,138,186,90,48,45,297,142,186,102,112,82,546,213,196,97,183,90,124,75,4,33,0,34,3032,531,327,144,256,117,109,81,143,96,196,110,285,110,301,125,202,107,473,147,347,116,153,74,180,117,60,53,0,34
BX07,Bronxdale,11051,971,4994,565,331,134,391,144,388,168,256,117,144,78,335,131,441,187,357,163,743,209,583,173,706,174,140,79,102,59,77,74,6057,619,332,173,322,142,443,152,235,123,187,106,286,116,351,133,461,166,943,211,1122,210,606,158,356,123,301,127,112,73
BX08,West Farms-Bronx River,10975,1207,5302,667,487,184,348,138,430,190,317,131,116,95,378,159,457,177,467,198,608,186,955,247,519,167,160,95,60,52,0,40,5673,747,432,157,315,115,315,142,309,140,130,75,546,209,446,155,390,168,749,183,903,191,497,147,342,140,216,91,83,69
BX09,Soundview-Castle Hill-Clason Point-Harding Park,20748,1322,8994,776,584,190,709,207,704,232,608,189,538,195,802,228,508,189,383,151,954,231,1160,252,1163,278,649,153,194,89,38,53,11754,869,499,163,573,196,587,191,402,156,471,167,833,239,769,237,620,185,1645,316,1757,295,1630,264,1158,220,491,150,319,141
BX10,Pelham Bay-Country Club-City Island,680,256,168,96,1,29,6,31,0,34,0,34,17,42,0,34,36,52,20,44,39,66,10,31,34,45,0,34,0,34,5,33,512,228,0,34,92,111,0,34,3,33,0,34,46,74,24,39,29,43,106,109,95,102,16,32,26,38,67,84,8,35
BX13,Co-op City,28450,1741,12047,1087,563,230,634,226,859,274,512,190,312,131,848,298,953,310,644,268,1321,309,1982,414,1369,324,1317,310,598,223,135,92,16403,1158,652,222,791,233,998,328,449,203,456,212,1038,309,734,254,524,193,1856,361,2670,442,2666,508,1942,321,1135,241,492,190
BX14,East Concourse-Concourse Village,27358,1745,13059,1050,1030,294,1077,270,1090,250,580,199,372,148,1113,286,967,258,878,244,1663,368,1818,363,1233,286,801,191,334,124,103,86,14299,1075,1024,293,1069,276,886,244,687,206,216,112,970,230,1007,264,868,249,1792,328,2258,323,1385,258,1106,211,697,173,334,128
BX17,East Tremont,14010,1165,6125,682,690,208,574,170,561,153,388,122,210,91,600,205,306,110,359,157,924,299,699,179,494,160,191,82,110,61,19,47,7885,750,649,187,519,190,496,177,463,151,281,115,723,197,554,168,679,198,1073,217,1058,215,766,172,324,114,174,100,126,73
BX22,North Riverdale-Fieldston-Riverdale,2204,406,1097,260,0,38,58,56,81,78,10,39,57,67,75,60,63,64,29,48,218,101,193,97,78,58,88,90,121,66,26,41,1107,237,36,67,35,55,11,41,26,41,57,49,29,40,55,53,70,71,162,105,175,80,117,60,152,98,69,58,113,65
BX26,Highbridge,14834,1204,7103,685,640,210,761,213,468,149,359,122,366,146,281,133,530,197,680,233,776,201,1035,236,811,202,237,100,133,77,26,48,7731,775,620,177,623,201,640,215,385,146,347,159,460,152,486,159,625,204,1205,244,1135,242,547,140,373,132,259,102,26,40
BX27,Hunts Point,7759,895,3664,435,376,147,360,129,417,150,212,102,131,61,446,156,177,85,284,118,529,139,459,133,154,77,74,47,39,47,6,37,4095,592,425,153,371,158,481,162,229,105,39,54,348,126,456,186,330,127,632,166,419,114,155,78,114,67,57,47,39,45
BX28,Van Cortlandt Village,11424,1070,4987,606,307,186,521,185,282,116,275,116,91,71,272,134,444,196,355,153,567,202,874,225,745,223,134,78,81,63,39,53,6437,697,479,228,389,163,321,128,208,138,77,64,728,236,420,168,449,181,926,212,1008,211,698,168,341,116,185,107,208,118
BX29,Spuyten Duyvil-Kingsbridge,2565,440,1004,236,73,62,25,51,0,38,29,43,7,38,70,63,94,79,96,78,165,79,225,95,118,80,76,51,18,34,8,39,1561,293,96,70,74,67,61,56,38,47,0,38,27,39,107,76,105,65,328,139,261,99,143,71,110,61,118,59,93,65
BX30,Kingsbridge Heights,6914,986,2667,496,68,58,123,80,161,90,122,78,54,55,120,81,426,245,257,124,284,126,372,157,357,134,170,81,116,73,37,44,4247,647,191,115,306,145,378,165,126,78,164,92,331,139,230,132,318,122,473,147,550,175,616,168,218,96,235,119,111,68
BX31,Allerton-Pelham Gardens,11344,1053,5435,620,248,119,387,143,434,162,173,81,188,84,481,191,269,163,493,187,874,273,690,169,609,165,290,125,193,83,106,65,5909,635,208,85,300,150,316,112,242,97,154,84,358,139,313,117,496,167,872,193,740,161,815,175,426,133,423,144,246,86
BX33,Longwood,8060,919,3728,553,313,142,408,140,599,164,357,159,152,78,253,129,245,137,196,119,362,142,418,127,231,107,83,62,111,67,0,36,4332,553,252,116,308,168,517,151,193,98,204,106,356,147,363,127,316,125,564,145,533,145,251,99,307,115,103,68,65,70
BX34,Melrose South-Mott Haven North,14752,1444,6310,732,1015,289,809,206,647,200,324,124,117,77,598,230,463,177,282,122,638,177,520,159,630,215,140,86,127,84,0,42,8442,931,601,171,1021,296,797,195,234,121,170,89,762,236,829,225,890,243,1031,255,805,183,725,180,290,115,266,139,21,46
BX35,Morrisania-Melrose,15729,1195,7362,718,594,170,648,193,646,186,298,118,365,142,935,282,440,161,468,169,1060,223,732,182,654,207,351,124,130,77,41,52,8367,763,785,214,478,155,583,177,272,106,267,124,514,163,683,189,688,183,1362,262,1055,216,810,188,425,135,295,101,150,74
BX36,University Heights-Morris Heights,18872,1321,8899,853,848,262,609,165,806,224,409,149,407,205,888,265,428,165,540,181,1244,295,1228,286,919,198,366,116,127,79,80,70,9973,793,703,185,621,196,581,174,287,116,272,113,788,232,757,195,826,204,1209,240,1786,282,1194,240,558,140,254,100,137,90
BX37,Van Nest-Morris Park-Westchester Square,3115,658,1820,378,177,104,49,49,123,67,58,52,67,61,66,60,277,164,102,76,299,121,305,136,241,134,36,43,20,46,0,42,1295,388,54,53,121,71,47,57,90,96,51,53,130,113,84,63,122,77,193,87,176,94,142,78,45,48,0,42,40,60
BX39,Mott Haven-Port Morris,18550,1406,8357,759,918,211,856,231,669,165,620,173,482,143,683,181,494,188,691,250,993,223,976,226,454,140,266,106,247,93,8,50,10193,937,876,245,726,193,804,210,595,162,341,131,1047,285,772,191,662,178,1121,220,1464,318,679,153,762,167,236,111,108,79
BX40,Fordham South,9302,1129,4044,623,412,185,412,147,302,130,274,131,132,152,334,151,268,137,231,127,387,162,762,247,351,143,106,75,73,71,0,32,5258,700,735,235,253,122,310,137,217,93,134,83,432,168,499,179,432,151,687,201,591,187,581,173,221,128,144,90,22,47
BX41,Mount Hope,16927,1234,8341,769,866,218,690,209,516,151,478,143,280,107,654,174,697,221,391,176,1263,236,1508,279,665,173,208,77,106,84,19,51,8586,728,775,193,542,173,517,162,408,140,218,103,844,200,715,194,910,203,976,219,1390,228,606,151,457,126,197,81,31,50
BX43,Norwood,9530,1131,3865,530,265,140,277,131,317,153,194,103,167,101,449,206,122,70,321,144,579,192,551,183,274,120,216,114,128,83,5,40,5665,784,429,170,372,149,454,183,268,130,160,105,384,159,476,162,446,147,1146,293,522,160,551,194,205,91,142,78,110,79
BX44,Williamsbridge-Olinville,45664,1889,20266,1095,1776,323,1415,248,1826,284,1082,221,711,174,1582,278,1481,269,1348,261,2669,423,2797,343,1884,264,1102,202,521,130,72,61,25398,1155,1662,284,1535,282,1663,276,1229,250,671,187,1767,296,1626,265,1746,285,3903,405,3686,372,2678,298,1761,251,999,187,472,137
BX46,Parkchester,15025,1222,7267,742,587,233,585,207,291,126,348,176,61,61,394,181,437,173,478,205,1325,319,1239,272,848,222,464,180,199,106,11,37,7758,711,339,181,465,171,364,168,183,133,178,101,273,132,688,198,578,185,1501,285,1052,255,1011,230,725,233,255,102,146,75
BX49,Pelham Parkway,3125,499,1319,282,52,71,77,60,70,60,35,50,51,57,0,38,97,91,110,74,318,148,281,128,87,58,66,66,52,73,23,40,1806,327,119,88,67,73,117,81,7,37,18,39,142,114,105,74,202,120,319,127,388,143,129,79,97,71,41,47,55,62
BX52,Schuylerville-Throgs Neck-Edgewater Park,5330,1034,2636,484,225,136,219,119,247,130,73,76,41,55,318,181,224,137,148,106,449,167,287,150,154,91,114,74,107,87,30,56,2694,640,220,150,275,158,207,124,163,106,85,83,142,103,216,109,110,83,544,175,198,104,291,135,106,71,112,79,25,58
BX55,Soundview-Bruckner,10734,1107,4906,608,514,182,325,108,445,152,348,139,179,94,296,126,264,114,334,155,614,174,727,191,462,147,224,92,121,73,53,48,5828,713,218,99,402,140,432,153,477,177,245,113,449,167,513,150,279,106,924,218,709,187,587,162,401,119,128,70,64,59
BX59,Westchester-Unionport,5255,975,2325,473,182,109,171,105,232,112,239,119,62,55,166,103,184,103,137,113,374,124,257,115,174,88,113,66,14,37,20,39,2930,604,246,118,212,122,223,155,183,96,158,146,87,71,224,128,113,69,490,154,347,136,323,132,171,109,131,91,22,40
BX62,Woodlawn-Wakefield,29599,1499,12969,863,957,261,857,214,1107,228,815,209,373,125,1266,294,978,219,728,214,1667,329,1690,278,1494,261,700,152,265,106,72,69,16630,995,1020,239,878,210,1098,232,652,174,318,127,1146,251,1300,283,1136,265,2544,347,2378,324,2124,309,1285,231,528,148,223,116
BX63,West Concourse,11943,1200,5261,599,606,200,431,141,563,168,163,87,97,67,363,154,347,147,319,172,861,205,853,215,473,170,152,82,26,46,7,40,6682,755,692,189,733,204,411,149,282,124,132,90,345,163,416,145,687,214,1078,244,768,187,627,188,232,97,224,112,55,50
BX75,Crotona Park East,5619,703,2518,359,293,108,239,96,152,90,175,84,126,78,121,99,143,96,235,120,342,134,372,131,150,77,107,57,50,43,13,34,3101,465,284,132,165,82,235,96,252,118,118,65,246,101,183,86,176,82,359,114,495,138,287,108,215,100,61,41,25,37
BX98,Rikers Island,5706,511,5131,491,0,17,0,17,0,17,416,195,498,137,1099,160,866,188,553,109,866,172,681,133,118,54,22,26,12,23,0,17,575,266,0,17,0,17,0,17,0,17,11,16,112,97,85,47,57,39,119,48,170,100,21,15,0,17,0,17,0,17
BX99,park-cemetery-etc-Bronx,438,141,197,84,36,41,18,31,12,33,4,30,4,30,14,43,19,34,10,34,38,43,19,30,0,32,4,30,7,31,12,34,241,92,8,34,38,43,22,37,7,33,16,34,22,37,32,40,9,33,57,49,19,31,6,31,5,30,0,32,0,32
MN01,Marble Hill-Inwood,6407,898,2569,482,287,141,194,116,237,117,110,88,36,45,108,85,104,80,207,123,376,149,419,197,311,148,138,87,21,43,21,43,3838,610,363,166,198,116,169,98,96,74,0,41,389,174,343,179,304,145,364,143,682,184,466,132,243,99,137,72,84,65
MN03,Central Harlem North-Polo Grounds,53918,2164,24654,1336,1359,325,1473,360,1839,378,1220,326,805,217,2200,448,1533,381,1758,387,3476,486,3869,510,2553,383,1480,315,713,195,376,151,29264,1454,1748,447,1510,317,1440,322,1276,267,817,279,1999,376,2015,405,2004,366,4514,497,3994,478,3120,392,2610,341,1618,281,599,172
MN04,Hamilton Heights,21968,1507,10370,949,666,228,820,324,545,177,415,163,415,157,755,264,1121,315,629,227,1534,387,1482,381,801,253,669,197,410,156,108,75,11598,1056,469,182,444,172,784,236,444,159,326,188,937,302,1006,320,904,264,1522,369,1491,314,1406,284,1195,233,386,131,284,131
MN06,Manhattanville,8816,974,4005,530,264,156,178,93,221,116,325,163,96,67,396,153,213,118,213,105,781,219,627,188,389,135,180,85,77,70,45,57,4811,644,278,121,402,144,237,110,180,100,54,50,262,132,613,255,340,147,610,166,475,161,692,175,431,168,210,107,27,40
MN09,Morningside Heights,8339,1010,3686,614,254,202,46,59,141,101,244,128,216,107,450,159,455,225,231,160,400,196,414,184,423,232,164,102,189,152,59,55,4653,584,152,111,191,123,113,109,65,58,209,111,520,193,317,160,226,143,302,132,969,255,381,163,505,211,452,164,251,126
MN11,Central Harlem South,28198,1542,12836,963,1310,320,707,185,831,221,552,150,408,166,1039,292,836,243,845,242,1900,323,1957,306,1314,290,747,194,325,129,65,56,15362,974,841,259,945,259,851,226,479,155,497,206,1039,238,1542,328,901,235,2471,348,2344,351,1724,288,826,192,507,147,395,160
MN12,Upper West Side,15405,1362,6488,862,249,138,191,122,324,223,200,150,21,69,336,166,531,276,322,192,915,337,1205,376,806,278,915,248,406,151,67,81,8917,933,404,192,365,171,465,196,217,138,217,183,579,268,505,225,392,193,771,223,1589,365,1141,271,957,234,600,197,715,265
MN13,Hudson Yards-Chelsea-Flat Iron-Union Square,3972,618,1751,354,19,55,64,96,20,56,52,70,35,64,188,131,262,136,93,91,313,171,360,165,193,105,90,61,58,70,4,53,2221,443,112,79,58,85,23,56,54,85,77,82,203,129,183,115,173,113,336,150,365,153,340,131,160,151,73,66,64,95
MN14,Lincoln Square,2530,653,908,328,2,45,0,48,92,92,0,48,22,66,85,93,219,195,6,47,67,90,210,129,46,65,71,70,88,82,0,48,1622,554,43,79,56,72,5,46,139,136,147,142,23,48,51,83,159,118,293,230,20,56,267,171,55,69,247,146,117,87
MN15,Clinton,3337,556,1795,377,42,72,32,52,35,68,93,75,41,62,84,78,119,90,41,62,244,110,423,187,370,177,74,61,159,128,38,70,1542,347,97,90,78,77,0,43,0,43,49,59,218,150,79,66,94,74,226,135,216,117,182,95,227,120,66,61,10,45
MN17,Midtown-Midtown South,1301,280,775,227,7,52,58,60,0,51,0,51,0,51,127,157,31,57,46,82,118,84,101,85,187,100,89,80,11,53,0,51,526,166,0,51,5,49,0,51,6,49,16,55,81,71,65,76,76,76,4,49,100,74,74,71,89,77,1,50,9,52
MN19,Turtle Bay-East Midtown,1093,308,608,229,44,80,0,48,0,48,9,49,23,51,24,53,12,50,23,66,136,127,121,122,85,100,47,54,54,87,30,64,485,179,6,47,13,55,6,47,0,48,0,48,88,72,52,75,44,68,42,58,74,75,94,84,12,50,54,76,0,48
MN20,Murray Hill-Kips Bay,2178,661,1147,389,12,45,22,49,51,58,29,56,20,46,112,86,77,79,24,59,344,165,208,161,140,118,80,73,28,49,0,42,1031,377,45,65,55,64,30,55,16,42,52,62,131,113,115,100,45,53,132,92,70,69,218,108,46,56,31,52,45,81
MN21,Gramercy,827,266,417,213,0,34,0,34,15,44,0,34,16,42,14,36,19,41,58,52,39,51,218,186,34,61,4,31,0,34,0,34,410,147,1,30,0,34,7,31,19,37,0,34,52,47,41,54,43,51,92,99,81,66,24,36,45,49,0,34,5,31
MN22,East Village,2719,675,1500,362,0,40,186,168,18,39,18,44,21,48,104,86,116,87,105,84,303,139,242,128,226,148,104,69,50,53,7,39,1219,419,48,69,60,79,90,86,10,43,111,137,12,37,210,164,119,111,99,81,311,221,53,51,50,63,39,42,7,39
MN23,West Village,1301,291,519,161,9,58,0,56,0,56,0,56,47,68,47,65,59,78,45,60,70,71,108,83,81,83,41,73,12,57,0,56,782,240,5,56,0,56,0,56,0,56,0,56,125,108,136,117,37,68,174,113,42,63,104,109,111,89,36,63,12,59
MN24,SoHo-TriBeCa-Civic Center-Little Italy,892,276,498,202,19,50,30,61,25,46,0,42,0,42,50,57,98,108,62,66,116,109,59,69,31,58,2,40,0,42,6,42,394,149,0,42,0,42,0,42,0,42,43,60,21,43,0,42,42,59,23,42,141,93,44,50,69,72,0,42,11,42
MN25,Battery Park City-Lower Manhattan,1208,351,663,219,28,57,1,38,0,42,0,42,69,64,114,79,32,51,74,73,185,123,86,90,73,94,1,38,0,42,0,42,545,211,0,42,0,42,11,47,13,44,32,60,168,161,24,52,92,88,29,47,70,68,23,48,14,43,39,53,30,48
MN27,Chinatown,2049,402,1289,293,0,44,39,55,38,52,76,81,45,49,231,212,123,69,166,99,152,96,274,112,68,54,63,62,14,47,0,44,760,236,42,67,1,43,62,60,6,44,0,44,75,82,64,57,74,66,90,68,92,83,168,91,48,62,14,45,24,45
MN28,Lower East Side,7840,1100,3363,602,191,124,162,120,135,96,70,75,101,86,207,149,302,149,330,178,416,178,722,207,339,127,254,119,83,80,51,66,4477,671,308,150,226,132,326,154,193,104,198,131,269,120,319,134,201,134,510,195,642,183,568,172,329,136,247,101,141,83
MN31,Lenox Hill-Roosevelt Island,3721,805,1723,522,85,116,175,189,100,100,0,53,32,70,158,115,63,65,182,129,81,76,247,104,353,151,145,110,69,78,33,64,1998,511,93,109,59,91,146,115,80,95,0,53,122,129,230,169,212,153,275,152,194,95,222,139,208,108,103,93,54,68
MN32,Yorkville,2669,513,1064,322,0,50,30,58,65,84,0,50,0,50,34,57,141,109,128,96,191,120,268,229,97,84,101,101,0,50,9,50,1605,380,32,57,12,52,64,93,42,66,16,48,174,203,59,90,148,96,201,116,305,133,235,136,71,73,160,76,86,67
MN33,East Harlem South,18032,1313,8284,867,640,216,681,196,660,201,513,164,429,177,656,222,676,217,337,158,979,285,876,198,1120,262,399,141,227,113,91,79,9748,854,604,223,445,166,674,207,518,162,292,140,883,230,423,194,422,157,1316,282,1369,254,1081,202,705,158,605,166,411,156
MN34,East Harlem North,23988,1687,10196,991,834,259,712,238,1200,317,578,184,334,157,1086,287,778,283,661,254,1055,316,1154,253,825,220,491,183,272,97,216,138,13792,1183,613,224,799,244,897,254,526,173,502,198,1203,322,988,268,1029,273,1884,337,1743,297,1620,300,1058,205,461,136,469,157
MN35,Washington Heights North,5899,923,2683,479,100,85,137,109,23,53,40,58,90,80,77,77,207,143,256,144,566,198,387,139,493,191,206,109,57,59,44,62,3216,597,87,84,41,60,80,84,166,130,30,59,149,97,227,130,272,145,347,180,475,181,613,290,260,114,196,129,273,150
MN36,Washington Heights South,16426,1423,8352,952,198,103,181,99,208,121,284,121,80,73,730,248,1321,363,935,285,1005,323,1313,330,1104,241,646,194,210,101,137,82,8074,821,153,108,341,173,249,126,286,147,57,65,965,284,747,222,452,170,784,295,1242,279,1298,282,671,178,540,152,289,120
MN40,Upper East Side-Carnegie Hill,796,293,482,188,0,52,25,54,9,52,0,52,1,51,99,96,53,77,29,60,48,58,127,100,56,67,17,56,18,56,0,52,314,159,0,52,22,62,22,62,14,55,0,52,33,71,25,53,53,78,22,61,83,75,25,58,14,56,0,52,1,51
MN50,Stuyvesant Town-Cooper Village,1076,401,474,219,71,65,0,22,88,94,15,28,0,22,0,22,47,77,0,22,60,67,86,81,40,40,45,44,0,22,22,38,602,235,0,22,115,120,15,29,39,61,0,22,0,22,13,25,34,40,156,134,42,67,20,26,57,49,111,109,0,22
MN99,park-cemetery-etc-Manhattan,838,384,670,331,0,32,0,32,0,32,8,33,0,32,21,44,58,63,97,64,138,119,192,129,113,70,33,47,10,37,0,32,168,123,0,32,0,32,3,30,0,32,0,32,7,32,15,38,18,43,37,50,14,34,67,68,7,33,0,32,0,32
QN01,South Jamaica,25838,1380,11461,798,976,220,892,223,828,187,535,150,406,136,1030,241,800,213,764,190,1368,248,1636,271,1007,184,907,174,250,91,62,53,14377,870,739,179,764,185,1117,279,760,181,520,192,770,205,1034,228,836,203,2091,296,1987,255,1415,226,1319,199,536,138,489,134
QN02,Springfield Gardens North,24626,1547,10101,949,554,195,598,222,918,257,439,169,301,154,577,220,699,259,876,309,1532,341,1152,267,1084,296,741,224,373,139,257,127,14525,1018,768,287,900,283,868,277,609,205,231,121,936,249,757,248,836,255,2106,349,2285,331,1765,315,1221,273,716,187,527,191
QN03,Springfield Gardens South-Brookville,17588,1047,8259,649,559,155,617,172,872,219,417,142,180,83,764,204,563,195,529,186,1029,194,1395,221,717,159,382,114,225,87,10,28,9329,595,588,193,589,156,536,155,313,117,144,87,853,212,601,161,772,182,1331,209,1484,239,1168,198,572,115,315,104,63,51
QN05,Rosedale,24162,1612,10393,882,898,233,797,219,1002,255,643,237,314,135,977,260,709,212,591,185,1115,245,1498,271,1184,240,499,156,148,85,18,37,13769,1004,984,246,1182,277,896,205,612,186,338,134,769,198,1056,296,1227,281,1788,296,2156,340,1669,271,670,182,282,110,140,73
QN06,Jamaica Estates-Holliswood,6706,763,2753,419,103,75,155,90,85,62,107,67,113,83,180,102,216,117,160,100,379,134,460,144,419,152,237,90,105,72,34,44,3953,512,101,69,81,62,187,103,151,97,101,88,208,127,200,100,174,94,418,162,935,227,542,167,392,142,239,92,224,166
QN07,Hollis,13879,970,6030,619,290,116,332,114,270,108,206,133,282,123,834,230,637,183,238,101,934,203,746,155,595,130,438,115,175,75,53,39,7849,611,426,135,334,139,474,143,307,101,235,105,588,165,556,182,601,143,809,171,1397,215,1131,200,484,110,340,101,167,72
QN08,St. Albans,45889,1580,20788,966,1382,266,1508,260,1732,275,999,203,683,193,1776,301,991,213,1262,233,2905,345,3479,400,2178,301,941,180,650,151,302,101,25101,1026,1212,225,1254,233,1473,240,852,189,836,211,1629,246,1834,276,1541,244,3409,344,4194,349,2878,314,1961,254,1383,221,645,134
QN10,Breezy Point-Belle Harbor-Rockaway Park-Broad Channel,2502,593,1188,274,148,107,34,43,75,63,90,72,19,38,27,43,126,93,58,75,158,107,240,113,146,76,44,44,23,35,0,36,1314,370,158,101,102,93,106,125,30,43,0,36,95,88,88,80,49,61,328,141,113,63,113,61,85,66,26,38,21,34
QN12,Hammels-Arverne-Edgemere,22095,1492,10036,905,1034,265,880,235,1004,263,653,202,337,151,799,226,808,240,480,173,1090,250,1335,268,775,202,531,139,242,107,68,54,12059,883,775,204,861,220,933,243,630,222,349,146,906,270,488,153,877,222,1767,284,2073,304,1167,238,783,182,316,108,134,90
QN15,Far Rockaway-Bayswater,23680,1807,10213,962,739,250,857,280,981,330,445,178,415,161,1016,270,839,290,524,217,1054,273,1242,255,1182,276,589,146,242,115,88,67,13467,1143,969,313,717,268,896,280,504,157,483,173,1284,294,995,288,884,249,1798,311,2039,321,1314,238,1044,228,480,172,60,56
QN17,Forest Hills,2267,593,1192,368,4,60,17,65,102,151,78,107,10,64,25,67,153,105,152,126,184,149,241,134,86,78,39,77,101,108,0,64,1075,322,85,112,23,66,36,74,24,68,39,81,42,79,150,108,171,142,141,116,192,109,56,73,95,75,4,59,17,60
QN18,Rego Park,846,281,376,174,63,71,12,38,12,38,0,34,0,34,18,36,78,75,82,84,16,34,34,37,37,47,24,41,0,34,0,34,470,161,0,34,22,47,0,34,0,34,13,40,0,34,73,75,73,61,107,67,63,75,60,53,48,50,11,36,0,34
QN19,Glendale,348,169,225,134,33,66,6,43,19,52,7,44,0,43,0,43,44,68,6,43,29,55,24,47,47,56,10,44,0,43,0,43,123,78,0,43,4,42,21,44,0,43,14,52,0,43,13,44,5,43,25,50,14,46,27,46,0,43,0,43,0,43
QN20,Ridgewood,1787,439,909,254,156,113,60,75,25,60,47,60,7,56,59,72,164,103,67,73,119,98,93,73,112,77,0,56,0,56,0,56,878,257,76,101,41,75,19,58,25,58,21,59,74,70,126,104,119,73,99,80,131,87,92,65,50,64,5,55,0,56
QN21,Middle Village,500,219,302,193,0,51,12,53,10,52,22,54,1,50,64,78,36,73,8,49,88,94,36,56,18,53,0,51,0,51,7,52,198,89,0,51,14,51,0,51,7,51,8,51,0,51,0,51,30,54,60,57,0,51,14,53,27,56,28,62,10,52
QN22,Flushing,3192,575,1140,293,110,115,46,72,44,73,98,108,22,58,84,75,83,92,76,76,129,94,99,88,158,77,143,82,46,55,2,51,2052,375,51,69,106,87,61,72,32,60,31,58,155,117,133,104,207,132,180,96,191,75,376,119,307,128,163,92,59,66
QN23,College Point,652,282,280,158,12,33,40,50,44,45,8,34,14,34,12,32,47,70,0,34,34,38,18,34,16,33,22,34,13,30,0,34,372,147,11,37,11,36,20,36,18,36,21,47,4,32,67,80,35,44,20,36,50,43,32,43,24,36,27,33,32,39
QN25,Corona,9225,1083,3939,513,309,177,289,153,256,149,152,108,134,109,190,100,162,121,297,171,474,187,792,244,504,180,245,117,119,78,16,47,5286,754,356,205,424,203,307,174,262,135,131,126,271,142,424,199,281,149,830,213,529,162,737,186,313,127,402,152,19,45
QN26,North Corona,3095,573,1578,341,146,98,29,48,168,96,46,53,8,45,123,80,65,65,161,118,286,112,237,109,86,61,184,77,32,45,7,43,1517,290,105,73,85,67,0,45,31,53,0,45,82,78,27,50,100,60,178,88,239,102,267,99,173,74,108,62,122,73
QN27,East Elmhurst,6094,675,2797,357,128,67,153,73,114,67,89,65,157,76,228,84,155,90,258,111,242,107,524,155,238,73,282,97,133,63,96,60,3297,435,234,103,75,54,166,79,78,63,29,46,165,99,201,77,187,112,349,124,489,132,417,117,431,112,346,100,130,57
QN28,Jackson Heights,2853,620,1333,341,24,69,49,82,77,84,74,82,45,76,229,143,27,72,135,115,132,95,198,116,185,117,107,88,38,71,13,66,1520,385,10,68,113,115,60,78,86,109,60,83,58,79,53,72,49,76,380,166,154,94,286,111,96,95,89,71,26,68
QN29,Elmhurst,1468,386,850,252,28,59,20,61,19,62,1,58,40,82,142,129,48,77,99,88,143,102,83,80,107,81,72,87,41,67,7,60,618,202,16,61,0,60,36,80,0,60,31,66,50,69,18,66,36,73,75,82,131,84,50,67,114,87,43,65,18,63
QN30,Maspeth,343,127,153,77,11,44,8,46,0,45,0,45,17,47,6,44,8,45,6,45,52,59,7,43,31,49,0,45,7,46,0,45,190,102,0,45,8,46,7,45,8,46,6,44,0,45,12,46,21,55,44,62,21,46,27,47,7,45,21,45,8,46
QN31,Hunters Point-Sunnyside-West Maspeth,1471,308,910,219,61,71,0,56,37,72,24,59,0,56,82,65,77,67,203,112,113,85,193,116,102,72,18,58,0,56,0,56,561,167,1,54,13,59,15,59,0,56,25,69,78,75,58,64,34,68,61,77,62,67,146,80,61,64,7,56,0,56
QN33,Cambria Heights,18633,908,8554,583,359,120,423,115,386,122,451,133,298,120,636,192,614,190,416,131,1074,192,1580,241,1115,180,620,135,464,118,118,76,10079,581,433,126,302,99,424,109,426,127,345,113,781,177,385,118,474,148,1296,198,1660,241,1429,208,1234,178,700,133,190,78
QN34,Queens Village,30243,1574,14136,920,806,217,884,188,1024,225,779,188,452,146,1231,216,957,221,928,227,1917,264,1969,271,1862,256,839,168,407,114,81,67,16107,918,729,185,935,213,1025,197,700,187,518,164,1230,246,1193,231,1090,214,2082,299,2420,295,1938,255,1239,207,809,195,199,89
QN35,Briarwood-Jamaica Hills,4623,721,2229,443,89,89,103,83,152,95,94,61,38,68,216,167,151,100,287,139,272,117,345,142,340,115,74,61,22,46,46,64,2394,425,69,86,47,67,96,90,91,74,14,49,140,125,177,101,252,131,412,156,488,164,307,128,118,62,146,73,37,53
QN37,Kew Gardens Hills,3315,576,1722,386,120,93,94,84,257,137,62,53,52,54,82,62,124,94,38,48,238,114,199,103,203,106,186,94,67,79,0,40,1593,313,43,61,15,42,34,58,48,57,40,52,136,85,79,79,144,87,255,116,369,132,148,78,189,121,52,57,41,50
QN38,Pomonok-Flushing Heights-Hillcrest,3801,656,1617,328,34,54,133,103,189,104,89,82,151,96,69,63,104,89,176,124,207,133,197,134,81,65,104,87,83,74,0,37,2184,480,173,119,150,95,89,72,106,104,203,101,174,96,135,98,168,127,189,127,287,119,191,112,239,150,52,49,28,38
QN41,Fresh Meadows-Utopia,925,377,299,158,0,27,19,37,25,36,52,63,0,27,5,25,71,68,27,38,37,44,29,43,18,35,0,27,16,36,0,27,626,321,60,70,5,26,31,53,0,27,0,27,79,114,9,23,9,26,57,61,214,145,24,32,114,101,24,40,0,27
QN42,Oakland Gardens,582,259,193,107,1,32,1,32,0,34,0,34,0,34,2,32,2,30,16,35,68,71,78,76,8,31,17,37,0,34,0,34,389,193,0,34,0,34,24,50,24,50,0,34,18,42,31,44,12,37,54,57,98,100,79,58,12,32,37,55,0,34
QN43,Bellerose,1859,565,937,336,70,89,21,37,55,60,125,101,10,32,59,61,19,34,200,198,195,107,123,74,35,43,25,38,0,34,0,34,922,312,118,81,71,61,47,46,16,35,20,41,73,71,22,34,114,95,224,96,145,83,35,43,30,40,7,34,0,34
QN44,Glen Oaks-Floral Park-New Hyde Park,716,266,239,101,45,48,0,32,36,56,56,69,0,32,1,27,1,27,12,35,32,38,10,31,25,40,9,33,7,30,5,29,477,219,45,41,15,36,18,40,0,32,8,31,25,50,106,98,0,32,56,61,101,93,0,32,58,49,32,35,13,37
QN45,Douglas Manor-Douglaston-Little Neck,770,569,286,214,2,32,0,34,67,90,1,30,0,34,0,34,53,90,0,34,68,98,94,91,1,29,0,34,0,34,0,34,484,399,18,42,49,85,18,41,64,85,72,94,55,94,0,34,6,33,79,87,86,105,9,35,9,32,0,34,19,38
QN46,Bayside-Bayside Hills,1262,336,541,171,11,50,37,60,5,50,38,68,9,50,30,68,10,48,85,69,53,59,65,72,119,74,53,54,26,57,0,51,721,199,38,52,15,55,60,56,32,64,35,65,72,60,61,63,19,57,82,80,101,79,112,69,63,56,24,48,7,49
QN47,Ft. Totten-Bay Terrace-Clearview,302,249,128,133,0,34,0,34,40,66,0,34,0,34,46,73,0,34,14,37,17,38,0,34,10,31,1,29,0,34,0,34,174,130,0,34,0,34,0,34,0,34,41,67,0,34,16,41,8,35,50,63,0,34,0,34,0,34,45,48,14,38
QN48,Auburndale,323,177,166,106,15,34,0,32,29,42,36,61,0,32,0,32,15,37,0,32,37,53,14,30,3,30,2,30,1,30,14,37,157,99,13,36,12,34,2,30,21,38,0,32,0,32,12,34,21,39,32,40,22,35,0,32,0,32,12,36,10,33
QN49,Whitestone,198,135,118,90,12,39,0,38,32,53,11,38,0,38,0,38,0,38,0,38,16,42,27,48,1,37,10,40,9,40,0,38,80,66,0,38,6,38,9,39,0,38,3,39,0,38,0,38,2,36,0,38,32,52,0,38,9,40,19,51,0,38
QN50,Elmhurst-Maspeth,165,99,50,50,1,32,1,32,0,34,0,34,0,34,0,34,0,34,0,34,37,52,1,30,0,34,10,37,0,34,0,34,115,76,0,34,0,34,5,30,14,33,10,36,0,34,3,32,7,34,21,40,16,33,0,34,15,40,16,41,8,34
QN51,Murray Hill,977,305,477,194,91,94,31,62,7,50,0,50,0,50,1,48,105,97,0,50,43,57,82,76,96,79,17,51,0,50,4,47,500,168,20,51,15,52,0,50,0,50,0,50,0,50,61,83,2,48,107,84,25,52,117,77,33,62,93,85,27,55
QN52,East Flushing,604,258,272,112,10,40,0,42,0,42,13,41,1,40,46,43,44,66,0,42,82,66,30,38,19,43,23,41,4,40,0,42,332,184,8,44,19,44,10,45,0,42,6,41,10,43,21,45,53,85,66,68,63,56,29,46,10,43,33,48,4,40
QN53,Woodhaven,4388,837,2043,422,331,163,83,77,110,80,140,90,86,75,148,102,132,91,86,81,404,133,286,108,163,96,47,62,27,56,0,54,2345,487,173,93,238,108,190,100,156,93,85,74,136,110,255,112,172,96,408,132,319,115,101,74,82,67,30,56,0,54
QN54,Richmond Hill,6824,923,3212,501,268,110,139,87,246,118,196,97,100,75,323,122,297,127,253,122,347,119,567,151,339,126,121,73,16,59,0,60,3612,519,217,111,144,88,285,101,245,98,63,71,306,121,284,112,237,101,622,152,614,150,366,129,102,78,86,81,41,64
QN55,South Ozone Park,19557,1493,8795,729,549,159,553,136,557,166,524,159,301,111,803,194,508,168,593,172,1277,266,1288,230,1107,206,483,130,219,93,33,62,10762,937,507,187,657,178,753,190,455,138,343,131,914,224,800,184,815,218,1445,245,1800,255,1226,225,718,151,271,103,58,67
QN56,Ozone Park,1419,511,605,227,0,36,17,38,76,60,19,43,12,40,55,58,83,86,7,36,53,46,195,121,73,78,15,37,0,36,0,36,814,328,22,39,17,38,37,50,29,47,41,65,134,128,62,77,46,67,64,45,181,114,121,91,33,45,0,36,27,53
QN57,Lindenwood-Howard Beach,935,506,409,229,72,98,35,48,12,35,54,48,0,34,0,34,0,34,1,30,102,102,78,92,10,36,45,81,0,34,0,34,526,321,4,30,62,89,107,108,45,66,0,34,0,34,55,60,59,88,118,83,0,34,0,34,50,73,0,34,26,41
QN60,Kew Gardens,1812,428,849,220,84,76,35,42,23,40,0,34,44,59,39,41,63,58,137,114,202,117,135,71,69,52,18,35,0,34,0,34,963,262,92,86,30,55,11,36,24,38,26,52,10,37,42,43,127,94,132,84,261,119,110,67,78,61,12,36,8,33
QN61,Jamaica,10891,1072,4925,560,300,119,299,116,290,117,158,79,109,77,328,153,480,176,271,123,756,185,763,173,733,168,302,116,91,70,45,64,5966,669,304,149,220,92,354,129,211,102,128,76,293,113,522,164,368,139,839,199,938,196,857,190,506,138,287,95,139,86
QN62,Queensboro Hill,382,207,261,142,16,37,3,25,35,52,11,33,0,29,13,34,34,48,76,66,19,39,19,35,35,51,0,29,0,29,0,29,121,78,0,29,9,30,10,32,0,29,6,29,4,25,11,32,15,36,6,28,51,53,3,27,0,29,0,29,6,29
QN63,Woodside,1055,419,401,179,37,75,22,54,86,80,0,50,0,50,73,87,60,69,15,50,27,49,41,58,30,55,5,49,5,48,0,50,654,267,38,77,27,55,7,49,0,50,18,55,31,58,71,84,51,58,74,80,62,59,119,101,40,52,76,80,40,56
QN66,Laurelton,23593,1112,10419,607,563,152,723,167,847,200,696,158,361,130,534,152,593,148,562,159,1128,193,1551,212,1375,215,848,161,559,140,79,55,13174,721,425,125,703,173,780,174,412,124,289,108,908,194,878,207,665,152,1830,259,2219,287,1924,235,1271,201,660,137,210,83
QN68,Queensbridge-Ravenswood-Long Island City,4761,716,1849,316,258,143,155,97,96,82,64,64,168,102,108,96,20,42,76,79,231,154,342,144,155,97,113,81,43,48,20,47,2912,519,109,84,190,162,311,121,84,82,105,91,164,102,316,126,125,97,469,166,426,126,191,96,195,104,154,80,73,62
QN70,Astoria,4156,682,1816,363,120,113,81,80,108,90,62,69,104,87,159,117,314,178,85,71,342,140,238,112,34,66,114,98,45,81,10,61,2340,425,100,109,86,87,184,105,69,76,51,69,275,155,134,99,191,97,301,114,396,128,223,95,212,107,64,68,54,74
QN71,Old Astoria,2789,476,1177,257,118,80,50,58,116,85,82,70,50,53,108,81,132,81,48,51,196,100,139,96,69,55,69,60,0,34,0,34,1612,290,92,77,128,78,82,79,50,61,48,55,78,59,194,95,29,45,299,114,254,90,141,85,179,86,38,43,0,34
QN72,Steinway,1217,383,746,325,22,60,48,70,0,51,192,195,21,55,106,113,63,66,66,71,74,68,73,72,81,65,0,51,0,51,0,51,471,179,21,60,24,63,50,69,0,51,0,51,35,51,41,61,107,78,44,70,50,67,45,59,30,58,24,52,0,51
QN76,Baisley Park,27297,1301,12560,745,856,209,974,236,944,171,724,177,533,138,1024,189,1017,224,650,182,1779,289,1794,262,1111,165,686,143,322,97,146,68,14737,870,654,155,774,173,909,198,933,204,450,139,1162,238,848,189,805,168,2259,274,1991,245,1871,232,1029,173,647,125,405,141
QN98,Airport,0,17,0,17,0,17,0,17,0,17,0,17,0,17,0,17,0,17,0,17,0,17,0,17,0,17,0,17,0,17,0,17,0,17,0,17,0,17,0,17,0,17,0,17,0,17,0,17,0,17,0,17,0,17,0,17,0,17,0,17,0,17
QN99,park-cemetery-etc-Queens,60,79,38,61,24,57,0,48,9,49,0,48,0,48,0,48,0,48,0,48,0,48,0,48,0,48,5,47,0,48,0,48,22,53,0,48,9,49,0,48,0,48,0,48,0,48,0,48,0,48,9,49,0,48,0,48,0,48,0,48,4,47
SI01,Annadale-Huguenot-Prince's Bay-Eltingville,97,77,43,45,0,34,0,34,0,34,0,34,0,34,0,34,1,30,0,34,14,41,28,48,0,34,0,34,0,34,0,34,54,69,0,34,0,34,0,34,0,34,0,34,0,34,1,30,0,34,0,34,37,66,16,39,0,34,0,34,0,34
SI05,New Springville-Bloomfield-Travis,1634,359,680,214,17,48,24,49,35,49,31,45,46,54,40,61,32,56,40,58,65,56,115,77,90,72,125,86,20,46,0,43,954,223,56,50,64,56,47,47,15,40,38,53,24,51,40,58,20,45,112,75,172,90,139,82,141,78,44,52,42,52
SI07,Westerleigh,481,261,310,202,15,39,12,34,13,37,0,36,0,36,86,124,0,36,0,36,87,82,26,43,64,67,0,36,7,35,0,36,171,94,5,35,11,38,0,36,0,36,2,34,6,35,12,39,0,36,33,43,49,58,36,45,11,38,6,35,0,36
SI08,Grymes Hill-Clifton-Fox Hills,8061,1107,3453,535,256,138,517,175,279,157,188,125,178,115,212,125,158,113,444,219,515,173,345,173,191,103,120,81,50,63,0,28,4608,743,418,174,299,144,361,151,224,146,243,137,385,198,267,149,360,132,740,198,511,177,330,160,302,144,144,85,24,35
SI11,Charleston-Richmond Valley-Tottenville,873,222,695,134,20,43,28,54,15,36,0,32,20,40,56,52,76,54,90,60,169,83,190,112,24,38,0,32,0,32,7,29,178,154,0,32,0,32,0,32,43,53,0,32,0,32,0,32,0,32,54,56,23,44,0,32,32,53,24,36,2,27
SI12,Mariner's Harbor-Arlington-Port Ivory-Graniteville,9124,971,3935,535,305,132,255,104,422,130,370,143,140,83,327,160,278,125,234,124,577,145,518,151,363,124,102,72,44,56,0,38,5189,584,288,126,325,128,437,130,297,116,228,121,447,136,386,154,426,140,803,183,732,173,528,151,138,84,139,83,15,39
SI14,Grasmere-Arrochar-Ft. Wadsworth,979,336,369,138,20,40,86,95,33,49,1,24,32,46,25,37,16,34,7,28,49,58,52,53,11,29,0,27,8,28,29,48,610,233,114,81,35,56,40,50,17,28,0,27,19,38,83,72,79,79,83,75,77,60,22,35,41,46,0,27,0,27
SI22,West New Brighton-New Brighton-St. George,12529,1370,6112,833,728,253,577,227,718,247,422,166,308,133,435,153,336,136,353,162,569,149,846,260,432,139,274,109,71,68,43,59,6417,687,444,208,552,205,378,119,358,130,210,98,425,169,610,219,329,139,953,218,1125,244,511,146,359,122,108,87,55,49
SI24,Todt Hill-Emerson Hill-Heartland Village-Lighthouse Hill,821,535,341,262,77,84,33,62,33,62,41,73,0,38,0,38,11,38,2,34,11,39,91,100,20,41,22,41,0,38,0,38,480,298,38,70,58,71,48,67,0,38,0,38,45,61,81,99,11,38,0,38,108,92,11,39,42,56,15,43,23,43
SI25,Oakwood-Oakwood Beach,601,270,255,162,14,36,0,32,15,37,0,32,15,37,18,43,69,82,0,32,39,62,70,111,15,38,0,32,0,32,0,32,346,204,0,32,13,35,15,37,0,32,0,32,116,85,26,51,0,32,43,45,42,74,36,44,55,71,0,32,0,32
SI28,Port Richmond,3997,739,2024,497,155,85,197,136,227,130,135,135,73,57,101,74,278,131,104,89,189,90,263,96,202,94,62,45,38,42,0,32,1973,391,121,72,129,70,133,77,112,73,64,61,118,138,137,87,143,78,349,125,335,116,213,90,38,49,81,53,0,32
SI32,Rossville-Woodrow,116,102,66,86,0,29,0,29,0,29,6,27,0,29,0,29,0,29,0,29,0,29,60,85,0,29,0,29,0,29,0,29,50,61,0,29,0,29,0,29,0,29,0,29,0,29,0,29,28,51,0,29,22,42,0,29,0,29,0,29,0,29
SI35,New Brighton-Silver Lake,2038,555,938,273,31,36,68,59,74,69,20,39,5,27,124,86,41,44,64,73,122,73,262,154,102,74,25,32,0,27,0,27,1100,362,44,37,137,111,70,50,72,58,20,33,168,106,73,76,85,61,93,67,72,57,191,96,42,43,33,37,0,27
SI36,Old Town-Dongan Hills-South Beach,1122,352,440,149,51,85,0,32,28,54,64,70,29,51,5,29,83,71,3,28,48,47,74,63,48,57,0,32,0,32,7,32,682,254,38,45,34,46,174,162,7,31,0,32,50,49,54,67,91,84,61,62,79,75,65,52,0,32,25,43,4,30
SI37,Stapleton-Rosebank,5199,708,2419,409,162,102,210,113,117,76,94,66,131,82,289,146,227,120,178,101,315,118,216,95,390,142,67,59,15,39,8,39,2780,451,218,112,224,124,178,93,171,85,10,37,166,115,278,139,200,99,429,153,445,142,327,128,81,60,53,47,0,38
SI45,New Dorp-Midland Beach,412,205,213,131,0,29,24,34,14,34,0,29,0,29,56,82,0,29,0,29,31,43,55,54,1,27,18,39,14,36,0,29,199,132,0,29,40,54,0,29,0,29,0,29,2,27,0,29,0,29,100,84,20,40,11,32,26,38,0,29,0,29
SI48,Arden Heights,487,279,178,131,11,32,0,29,37,60,0,29,0,29,0,29,21,42,32,46,41,66,28,37,8,30,0,29,0,29,0,29,309,214,71,80,45,70,0,29,10,31,0,29,0,29,0,29,114,97,16,36,11,32,30,40,0,29,12,31,0,29
SI54,Great Kills,64,83,42,51,0,42,10,42,0,42,0,42,0,42,0,42,3,38,0,42,26,47,2,40,1,40,0,42,0,42,0,42,22,54,0,42,11,42,0,42,0,42,0,42,0,42,0,42,0,42,11,43,0,42,0,42,0,42,0,42,0,42
SI99,park-cemetery-etc-Staten Island,0,17,0,17,0,17,0,17,0,17,0,17,0,17,0,17,0,17,0,17,0,17,0,17,0,17,0,17,0,17,0,17,0,17,0,17,0,17,0,17,0,17,0,17,0,17,0,17,0,17,0,17,0,17,0,17,0,17,0,17,0,17
