area_id,area_name,b19037g001,b19037g001_moe,b19037g002,b19037g002_moe,b19037g003,b19037g003_moe,b19037g004,b19037g004_moe,b19037g005,b19037g005_moe,b19037g006,b19037g006_moe,b19037g007,b19037g007_moe,b19037g008,b19037g008_moe,b19037g009,b19037g009_moe,b19037g010,b19037g010_moe,b19037g011,b19037g011_moe,b19037g012,b19037g012_moe,b19037g013,b19037g013_moe,b19037g014,b19037g014_moe,b19037g015,b19037g015_moe,b19037g016,b19037g016_moe,b19037g017,b19037g017_moe,b19037g018,b19037g018_moe,b19037g019,b19037g019_moe,b19037g020,b19037g020_moe,b19037g021,b19037g021_moe,b19037g022,b19037g022_moe,b19037g023,b19037g023_moe,b19037g024,b19037g024_moe,b19037g025,b19037g025_moe,b19037g026,b19037g026_moe,b19037g027,b19037g027_moe,b19037g028,b19037g028_moe,b19037g029,b19037g029_moe,b19037g030,b19037g030_moe,b19037g031,b19037g031_moe,b19037g032,b19037g032_moe,b19037g033,b19037g033_moe,b19037g034,b19037g034_moe,b19037g035,b19037g035_moe,b19037g036,b19037g036_moe,b19037g037,b19037g037_moe,b19037g038,b19037g038_moe,b19037g039,b19037g039_moe,b19037g040,b19037g040_moe,b19037g041,b19037g041_moe,b19037g042,b19037g042_moe,b19037g043,b19037g043_moe,b19037g044,b19037g044_moe,b19037g045,b19037g045_moe,b19037g046,b19037g046_moe,b19037g047,b19037g047_moe,b19037g048,b19037g048_moe,b19037g049,b19037g049_moe,b19037g050,b19037g050_moe,b19037g051,b19037g051_moe,b19037g052,b19037g052_moe,b19037g053,b19037g053_moe,b19037g054,b19037g054_moe,b19037g055,b19037g055_moe,b19037g056,b19037g056_moe,b19037g057,b19037g057_moe,b19037g058,b19037g058_moe,b19037g059,b19037g059_moe,b19037g060,b19037g060_moe,b19037g061,b19037g061_moe,b19037g062,b19037g062_moe,b19037g063,b19037g063_moe,b19037g064,b19037g064_moe,b19037g065,b19037g065_moe,b19037g066,b19037g066_moe,b19037g067,b19037g067_moe,b19037g068,b19037g068_moe,b19037g069,b19037g069_moe
BK09,Brooklyn Heights-Cobble Hill,224,129,0,29,0,29,0,29,0,29,0,29,0,29,0,29,0,29,0,29,0,29,0,29,0,29,0,29,0,29,0,29,0,29,0,29,201,123,18,37,0,29,0,29,0,29,0,29,0,29,0,29,0,29,0,29,0,29,0,29,0,29,52,73,10,31,20,43,101,95,23,46,0,29,0,29,0,29,0,29,23,46,0,29,0,29,0,29,0,29,0,29,0,29,0,29,0,29,0,29,0,29,0,29,0,29,0,29,0,29,0,29,0,29,0,29,0,29,0,29,0,29,0,29,0,29,0,29,0,29,0,29,0,29,0,29,0,29
BK17,Sheepshead Bay-Gerritsen Beach-Manhattan Beach,125,84,0,55,0,55,0,55,0,55,0,55,0,55,0,55,0,55,0,55,0,55,0,55,0,55,0,55,0,55,0,55,0,55,0,55,46,74,0,55,0,55,30,70,0,55,0,55,0,55,0,55,0,55,0,55,16,60,0,55,0,55,0,55,0,55,0,55,0,55,62,66,0,55,0,55,0,55,0,55,0,55,0,55,0,55,0,55,15,60,6,55,15,55,12,57,0,55,0,55,14,58,0,55,17,56,10,56,0,55,0,55,0,55,0,55,0,55,0,55,0,55,0,55,0,55,0,55,0,55,0,55,0,55,7,55,0,55
BK19,Brighton Beach,304,139,27,42,0,38,0,38,0,38,17,43,0,38,0,38,0,38,0,38,0,38,0,38,10,38,0,38,0,38,0,38,0,38,0,38,106,88,41,73,7,38,0,38,17,44,0,38,0,38,0,38,0,38,0,38,0,38,0,38,41,54,0,38,0,38,0,38,0,38,171,113,11,40,0,38,0,38,0,38,88,99,14,43,0,38,0,38,0,38,0,38,8,38,0,38,28,57,0,38,22,43,0,38,0,38,0,38,0,38,0,38,0,38,0,38,0,38,0,38,0,38,0,38,0,38,0,38,0,38,0,38,0,38,0,38,0,38
BK21,Seagate-Coney Island,87,62,0,38,0,38,0,38,0,38,0,38,0,38,0,38,0,38,0,38,0,38,0,38,0,38,0,38,0,38,0,38,0,38,0,38,34,50,6,37,0,38,0,38,0,38,0,38,0,38,0,38,0,38,0,38,0,38,24,52,0,38,0,38,4,37,0,38,0,38,14,43,0,38,0,38,0,38,0,38,0,38,0,38,0,38,0,38,0,38,0,38,0,38,14,43,0,38,0,38,0,38,0,38,39,47,0,38,0,38,0,38,3,37,22,44,0,38,0,38,0,38,14,40,0,38,0,38,0,38,0,38,0,38,0,38,0,38
BK23,West Brighton,14,31,0,27,0,27,0,27,0,27,0,27,0,27,0,27,0,27,0,27,0,27,0,27,0,27,0,27,0,27,0,27,0,27,0,27,0,27,0,27,0,27,0,27,0,27,0,27,0,27,0,27,0,27,0,27,0,27,0,27,0,27,0,27,0,27,0,27,0,27,7,27,0,27,0,27,0,27,0,27,0,27,0,27,0,27,0,27,0,27,0,27,0,27,0,27,7,27,0,27,0,27,0,27,7,26,0,27,7,26,0,27,0,27,0,27,0,27,0,27,0,27,0,27,0,27,0,27,0,27,0,27,0,27,0,27,0,27
BK25,Homecrest,131,89,5,47,0,48,0,48,0,48,0,48,0,48,0,48,0,48,0,48,0,48,0,48,0,48,0,48,5,47,0,48,0,48,0,48,30,57,0,48,0,48,0,48,0,48,0,48,0,48,11,49,0,48,0,48,0,48,0,48,0,48,19,56,0,48,0,48,0,48,67,79,37,75,0,48,0,48,0,48,0,48,0,48,16,53,0,48,0,48,0,48,5,47,0,48,0,48,0,48,0,48,9,49,29,52,12,51,11,50,0,48,0,48,0,48,0,48,0,48,0,48,0,48,0,48,6,47,0,48,0,48,0,48,0,48,0,48
BK26,Gravesend,77,55,0,36,0,36,0,36,0,36,0,36,0,36,0,36,0,36,0,36,0,36,0,36,0,36,0,36,0,36,0,36,0,36,0,36,19,44,19,44,0,36,0,36,0,36,0,36,0,36,0,36,0,36,0,36,0,36,0,36,0,36,0,36,0,36,0,36,0,36,37,44,0,36,0,36,0,36,0,36,0,36,0,36,11,36,0,36,0,36,0,36,9,38,17,43,0,36,0,36,0,36,0,36,21,39,0,36,0,36,0,36,0,36,0,36,0,36,0,36,0,36,0,36,7,35,0,36,14,40,0,36,0,36,0,36,0,36
BK27,Bath Beach,121,68,1,38,0,40,0,40,0,40,0,40,0,40,1,38,0,40,0,40,0,40,0,40,0,40,0,40,0,40,0,40,0,40,0,40,77,61,0,40,0,40,0,40,0,40,22,52,0,40,3,40,0,40,0,40,0,40,0,40,42,48,10,42,0,40,0,40,0,40,26,43,0,40,0,40,0,40,11,42,0,40,0,40,0,40,0,40,0,40,10,42,0,40,5,39,0,40,0,40,0,40,0,40,17,41,0,40,11,42,6,39,0,40,0,40,0,40,0,40,0,40,0,40,0,40,0,40,0,40,0,40,0,40,0,40,0,40
BK28,Bensonhurst West,238,95,16,63,0,64,0,64,0,64,0,64,0,64,8,63,8,64,0,64,0,64,0,64,0,64,0,64,0,64,0,64,0,64,0,64,94,78,0,64,0,64,11,65,10,64,17,69,0,64,0,64,17,68,3,63,12,65,14,63,10,64,0,64,0,64,0,64,0,64,101,79,8,64,0,64,7,63,0,64,0,64,8,64,0,64,0,64,0,64,0,64,30,70,30,70,18,67,0,64,0,64,0,64,27,65,13,66,0,64,0,64,8,64,0,64,0,64,0,64,0,64,0,64,0,64,0,64,6,63,0,64,0,64,0,64,0,64
BK29,Bensonhurst East,236,97,0,51,0,51,0,51,0,51,0,51,0,51,0,51,0,51,0,51,0,51,0,51,0,51,0,51,0,51,0,51,0,51,0,51,144,83,14,54,0,51,45,58,13,54,0,51,0,51,0,51,0,51,9,52,36,66,0,51,27,57,0,51,0,51,0,51,0,51,81,67,0,51,16,56,0,51,0,51,11,53,6,50,11,53,0,51,0,51,27,58,10,52,0,51,0,51,0,51,0,51,0,51,11,51,7,51,0,51,0,51,0,51,0,51,0,51,0,51,0,51,0,51,0,51,0,51,4,50,0,51,0,51,0,51,0,51
BK30,Dyker Heights,71,60,0,51,0,51,0,51,0,51,0,51,0,51,0,51,0,51,0,51,0,51,0,51,0,51,0,51,0,51,0,51,0,51,0,51,40,52,0,51,0,51,0,51,0,51,0,51,0,51,0,51,0,51,0,51,4,51,26,52,0,51,0,51,4,50,6,51,0,51,5,50,0,51,0,51,0,51,0,51,0,51,0,51,0,51,0,51,0,51,0,51,0,51,0,51,0,51,5,50,0,51,0,51,26,59,0,51,0,51,0,51,0,51,22,60,0,51,0,51,0,51,0,51,0,51,0,51,4,50,0,51,0,51,0,51,0,51
BK31,Bay Ridge,451,131,29,67,9,65,0,66,0,66,0,66,0,66,0,66,0,66,12,66,0,66,0,66,8,65,0,66,0,66,0,66,0,66,0,66,255,107,0,66,2,65,13,68,0,66,10,67,14,68,0,66,33,73,23,74,32,69,9,66,89,81,17,65,7,66,6,66,0,66,163,91,30,73,12,67,27,74,13,65,0,66,10,67,25,76,8,66,9,66,0,66,4,65,0,66,8,64,11,66,6,66,0,66,4,65,0,66,0,66,0,66,0,66,0,66,4,65,0,66,0,66,0,66,0,66,0,66,0,66,0,66,0,66,0,66,0,66
BK32,Sunset Park West,369,128,30,51,0,49,0,49,0,49,0,49,0,49,10,49,0,49,10,51,0,49,0,49,0,49,10,51,0,49,0,49,0,49,0,49,137,97,0,49,0,49,0,49,8,49,8,50,8,50,0,49,0,49,11,51,23,54,28,66,0,49,9,51,42,74,0,49,0,49,139,82,16,50,0,49,0,49,0,49,25,55,0,49,0,49,0,49,10,51,0,49,51,70,0,49,0,49,23,56,0,49,14,50,63,57,26,52,0,49,10,51,12,52,0,49,0,49,7,50,8,49,0,49,0,49,0,49,0,49,0,49,0,49,0,49,0,49
BK33,Carroll Gardens-Columbia Street-Red Hook,416,146,0,45,0,45,0,45,0,45,0,45,0,45,0,45,0,45,0,45,0,45,0,45,0,45,0,45,0,45,0,45,0,45,0,45,350,142,0,45,20,49,0,45,18,52,44,82,15,49,0,45,35,47,0,45,0,45,4,44,24,50,63,62,47,59,67,77,13,45,44,49,0,45,0,45,0,45,0,45,0,45,0,45,15,49,0,45,10,46,0,45,0,45,11,43,0,45,8,45,0,45,0,45,22,48,0,45,0,45,0,45,0,45,0,45,11,46,0,45,0,45,0,45,0,45,0,45,0,45,0,45,11,47,0,45,0,45
BK34,Sunset Park East,304,105,35,63,4,58,0,59,0,59,0,59,0,59,0,59,0,59,0,59,0,59,0,59,21,64,0,59,0,59,0,59,10,58,0,59,118,77,17,62,25,62,0,59,9,59,11,60,8,58,0,59,0,59,0,59,15,59,24,66,9,58,0,59,0,59,0,59,0,59,135,82,8,59,5,58,43,67,7,59,22,66,0,59,0,59,0,59,8,59,8,58,34,63,0,59,0,59,0,59,0,59,0,59,16,57,7,57,0,59,0,59,0,59,9,58,0,59,0,59,0,59,0,59,0,59,0,59,0,59,0,59,0,59,0,59,0,59
BK35,Stuyvesant Heights,406,133,35,63,0,51,0,51,0,51,0,51,0,51,0,51,20,59,0,51,15,55,0,51,0,51,0,51,0,51,0,51,0,51,0,51,153,97,0,51,0,51,17,57,0,51,0,51,0,51,0,51,14,56,32,61,25,64,0,51,38,67,14,55,0,51,13,55,0,51,177,88,13,53,10,52,29,57,0,51,9,52,0,51,0,51,11,52,0,51,55,69,21,55,16,58,13,54,0,51,0,51,0,51,41,58,15,53,1,51,12,53,0,51,0,51,0,51,0,51,0,51,0,51,0,51,0,51,0,51,13,54,0,51,0,51,0,51
BK37,Park Slope-Gowanus,763,179,38,71,0,58,0,58,0,58,0,58,0,58,0,58,0,58,0,58,0,58,0,58,25,68,0,58,0,58,0,58,13,60,0,58,435,144,0,58,0,58,0,58,0,58,0,58,0,58,0,58,0,58,0,58,0,58,60,83,92,79,84,74,60,70,90,88,49,68,189,100,13,60,54,86,0,58,0,58,0,58,8,58,9,58,18,58,8,58,19,59,0,58,30,62,12,60,0,58,0,58,18,63,101,73,0,58,19,59,0,58,20,62,0,58,19,59,0,58,0,58,0,58,10,59,0,58,14,60,0,58,19,63,0,58,0,58
BK38,DUMBO-Vinegar Hill-Downtown Brooklyn-Boerum Hill,508,147,62,68,0,42,0,42,35,64,0,42,0,42,0,42,0,42,0,42,0,42,12,44,6,41,0,42,0,42,0,42,9,42,0,42,213,105,0,42,37,57,0,42,0,42,0,42,14,41,0,42,27,56,0,42,13,45,55,71,7,42,0,42,33,54,8,42,19,44,156,73,38,48,0,42,33,52,0,42,0,42,0,42,0,42,7,41,27,53,11,43,4,40,10,43,20,49,0,42,6,42,0,42,77,60,0,42,8,42,22,47,0,42,0,42,8,42,0,42,17,51,10,43,0,42,12,44,0,42,0,42,0,42,0,42,0,42
BK40,Windsor Terrace,102,81,0,32,0,32,0,32,0,32,0,32,0,32,0,32,0,32,0,32,0,32,0,32,0,32,0,32,0,32,0,32,0,32,0,32,65,75,0,32,18,41,0,32,0,32,0,32,0,32,44,71,0,32,0,32,0,32,0,32,0,32,0,32,3,31,0,32,0,32,11,33,0,32,0,32,0,32,0,32,0,32,0,32,11,33,0,32,0,32,0,32,0,32,0,32,0,32,0,32,0,32,0,32,26,39,0,32,11,34,0,32,0,32,0,32,0,32,0,32,0,32,15,37,0,32,0,32,0,32,0,32,0,32,0,32,0,32
BK41,Kensington-Ocean Parkway,250,114,0,40,0,40,0,40,0,40,0,40,0,40,0,40,0,40,0,40,0,40,0,40,0,40,0,40,0,40,0,40,0,40,0,40,145,101,0,40,0,40,0,40,24,48,0,40,0,40,18,42,0,40,0,40,63,84,5,39,21,52,14,45,0,40,0,40,0,40,87,58,0,40,0,40,0,40,19,40,0,40,0,40,0,40,15,43,0,40,0,40,14,42,14,43,0,40,0,40,12,42,13,43,18,41,0,40,9,40,0,40,0,40,0,40,0,40,0,40,0,40,0,40,0,40,0,40,0,40,9,40,0,40,0,40,0,40
BK42,Flatbush,653,173,8,68,0,68,0,68,8,68,0,68,0,68,0,68,0,68,0,68,0,68,0,68,0,68,0,68,0,68,0,68,0,68,0,68,298,131,53,87,0,68,0,68,25,74,0,68,0,68,21,70,16,71,33,77,7,68,44,74,65,94,0,68,0,68,15,71,19,73,243,108,62,76,0,68,13,67,0,68,0,68,0,68,0,68,0,68,0,68,38,79,59,82,27,73,9,68,15,70,0,68,20,73,104,82,44,72,12,68,8,68,11,69,0,68,0,68,0,68,0,68,0,68,13,70,0,68,16,72,0,68,0,68,0,68,0,68
BK43,Midwood,256,100,47,64,0,51,0,51,0,51,0,51,0,51,21,61,0,51,0,51,13,53,0,51,0,51,13,53,0,51,0,51,0,51,0,51,75,67,0,51,0,51,10,54,30,58,6,51,0,51,0,51,0,51,0,51,14,53,15,55,0,51,0,51,0,51,0,51,0,51,91,70,0,51,0,51,0,51,0,51,19,58,28,57,11,52,15,55,5,50,5,50,8,49,0,51,0,51,0,51,0,51,0,51,43,58,6,50,0,51,15,55,0,51,0,51,0,51,0,51,0,51,0,51,0,51,12,53,10,52,0,51,0,51,0,51,0,51
BK44,Madison,105,65,0,46,0,46,0,46,0,46,0,46,0,46,0,46,0,46,0,46,0,46,0,46,0,46,0,46,0,46,0,46,0,46,0,46,56,57,15,50,0,46,15,47,0,46,0,46,16,51,0,46,0,46,0,46,0,46,0,46,0,46,0,46,0,46,10,47,0,46,39,52,0,46,0,46,0,46,12,49,0,46,0,46,0,46,0,46,0,46,0,46,0,46,12,48,10,47,5,46,0,46,0,46,10,47,0,46,0,46,0,46,0,46,0,46,0,46,10,47,0,46,0,46,0,46,0,46,0,46,0,46,0,46,0,46,0,46
BK45,Georgetown-Marine Park-Bergen Beach-Mill Basin,109,71,0,55,0,55,0,55,0,55,0,55,0,55,0,55,0,55,0,55,0,55,0,55,0,55,0,55,0,55,0,55,0,55,0,55,47,60,0,55,9,55,0,55,0,55,0,55,0,55,0,55,0,55,0,55,0,55,0,55,16,55,0,55,9,56,0,55,13,57,48,61,0,55,0,55,0,55,0,55,0,55,0,55,0,55,8,55,0,55,0,55,0,55,6,55,20,59,4,54,10,56,0,55,14,58,0,55,14,58,0,55,0,55,0,55,0,55,0,55,0,55,0,55,0,55,0,55,0,55,0,55,0,55,0,55,0,55
BK46,Ocean Parkway South,57,48,0,36,0,36,0,36,0,36,0,36,0,36,0,36,0,36,0,36,0,36,0,36,0,36,0,36,0,36,0,36,0,36,0,36,22,39,4,35,0,36,0,36,4,35,0,36,0,36,0,36,0,36,0,36,0,36,14,39,0,36,0,36,0,36,0,36,0,36,25,41,0,36,0,36,0,36,0,36,0,36,0,36,0,36,15,40,0,36,0,36,0,36,0,36,10,37,0,36,0,36,0,36,10,38,10,38,0,36,0,36,0,36,0,36,0,36,0,36,0,36,0,36,0,36,0,36,0,36,0,36,0,36,0,36,0,36
BK50,Canarsie,206,99,11,70,10,70,0,70,0,70,0,70,0,70,1,69,0,70,0,70,0,70,0,70,0,70,0,70,0,70,0,70,0,70,0,70,109,91,0,70,25,80,0,70,0,70,0,70,33,79,8,70,0,70,11,71,11,71,0,70,0,70,0,70,17,71,0,70,4,69,62,73,17,71,0,70,0,70,20,73,4,69,0,70,0,70,0,70,0,70,0,70,16,70,5,69,0,70,0,70,0,70,0,70,24,71,12,72,0,70,0,70,0,70,0,70,0,70,0,70,0,70,7,70,5,69,0,70,0,70,0,70,0,70,0,70,0,70
BK58,Flatlands,304,108,0,62,0,62,0,62,0,62,0,62,0,62,0,62,0,62,0,62,0,62,0,62,0,62,0,62,0,62,0,62,0,62,0,62,47,71,0,62,0,62,0,62,0,62,0,62,0,62,0,62,0,62,20,69,6,62,12,64,9,63,0,62,0,62,0,62,0,62,202,90,9,63,0,62,5,62,15,62,9,63,0,62,23,66,13,64,22,70,9,63,46,69,26,63,10,63,0,62,15,62,0,62,55,78,9,61,0,62,4,65,0,62,0,62,0,62,0,62,0,62,0,62,0,62,10,63,0,62,32,77,0,62,0,62,0,62
BK60,Prospect Lefferts Gardens-Wingate,429,163,22,65,0,58,0,58,0,58,0,58,0,58,0,58,22,65,0,58,0,58,0,58,0,58,0,58,0,58,0,58,0,58,0,58,228,121,14,59,14,60,6,57,10,58,0,58,0,58,38,79,0,58,0,58,31,66,94,93,14,60,0,58,0,58,7,57,0,58,132,95,16,60,0,58,0,58,19,61,0,58,19,63,0,58,2,57,16,60,6,57,34,78,20,64,0,58,0,58,0,58,0,58,47,80,0,58,0,58,8,58,0,58,0,58,0,58,0,58,0,58,0,58,0,58,0,58,0,58,39,80,0,58,0,58,0,58
BK61,Crown Heights North,855,212,35,75,0,67,18,71,0,67,0,67,0,67,0,67,0,67,0,67,0,67,0,67,0,67,0,67,17,71,0,67,0,67,0,67,460,172,107,115,0,67,15,67,49,85,0,67,16,68,0,67,77,99,32,74,31,73,33,75,35,75,29,72,20,69,0,67,16,69,275,127,45,76,17,68,7,67,8,67,54,102,11,68,13,68,0,67,29,73,35,76,6,67,16,68,34,74,0,67,0,67,0,67,85,76,13,66,11,68,14,68,9,67,14,68,0,67,12,68,12,68,0,67,0,67,0,67,0,67,0,67,0,67,0,67,0,67
BK63,Crown Heights South,132,67,8,40,0,40,0,40,0,40,0,40,8,40,0,40,0,40,0,40,0,40,0,40,0,40,0,40,0,40,0,40,0,40,0,40,13,43,0,40,0,40,0,40,0,40,0,40,0,40,0,40,0,40,0,40,0,40,0,40,0,40,0,40,13,43,0,40,0,40,103,63,25,44,0,40,32,48,0,40,0,40,0,40,0,40,8,40,0,40,10,41,28,51,0,40,0,40,0,40,0,40,0,40,8,40,0,40,0,40,0,40,0,40,0,40,0,40,8,40,0,40,0,40,0,40,0,40,0,40,0,40,0,40,0,40,0,40
BK64,Prospect Heights,203,82,0,32,0,32,0,32,0,32,0,32,0,32,0,32,0,32,0,32,0,32,0,32,0,32,0,32,0,32,0,32,0,32,0,32,121,64,0,32,0,32,0,32,11,35,9,33,13,35,0,32,0,32,0,32,16,37,33,47,11,33,16,34,12,35,0,32,0,32,42,39,0,32,0,32,0,32,0,32,0,32,0,32,0,32,0,32,0,32,0,32,0,32,0,32,26,38,9,33,0,32,7,31,40,48,9,33,22,45,0,32,0,32,0,32,9,33,0,32,0,32,0,32,0,32,0,32,0,32,0,32,0,32,0,32,0,32
BK68,Fort Greene,530,163,0,38,0,38,0,38,0,38,0,38,0,38,0,38,0,38,0,38,0,38,0,38,0,38,0,38,0,38,0,38,0,38,0,38,294,133,43,63,0,38,0,38,0,38,10,40,0,38,0,38,0,38,25,46,0,38,17,39,74,89,106,75,15,42,0,38,4,37,189,95,33,46,26,51,0,38,0,38,0,38,37,69,0,38,20,38,0,38,22,45,10,39,0,38,26,55,0,38,0,38,15,34,47,47,9,38,5,37,0,38,6,37,0,38,0,38,0,38,0,38,0,38,0,38,0,38,0,38,0,38,0,38,11,40,16,45
BK69,Clinton Hill,669,186,34,49,0,40,0,40,0,40,14,44,0,40,0,40,0,40,0,40,0,40,0,40,8,40,12,42,0,40,0,40,0,40,0,40,362,150,67,78,0,40,10,41,5,41,0,40,0,40,0,40,0,40,16,45,30,43,32,53,66,61,26,47,0,40,98,102,12,43,199,94,9,41,13,43,19,48,16,44,0,40,11,42,12,43,0,40,0,40,7,40,9,41,31,56,8,40,39,61,0,40,25,52,74,69,9,40,0,40,13,41,40,65,12,42,0,40,0,40,0,40,0,40,0,40,0,40,0,40,0,40,0,40,0,40,0,40
BK72,Williamsburg,129,84,5,35,0,36,5,35,0,36,0,36,0,36,0,36,0,36,0,36,0,36,0,36,0,36,0,36,0,36,0,36,0,36,0,36,60,67,39,57,0,36,0,36,0,36,0,36,0,36,0,36,0,36,0,36,0,36,21,47,0,36,0,36,0,36,0,36,0,36,19,37,0,36,0,36,0,36,0,36,11,37,0,36,0,36,0,36,0,36,0,36,0,36,8,36,0,36,0,36,0,36,0,36,45,59,41,60,4,34,0,36,0,36,0,36,0,36,0,36,0,36,0,36,0,36,0,36,0,36,0,36,0,36,0,36,0,36
BK73,North Side-South Side,497,154,36,62,0,48,0,48,0,48,0,48,0,48,0,48,0,48,0,48,0,48,0,48,25,61,11,49,0,48,0,48,0,48,0,48,322,129,31,55,10,49,53,76,43,70,0,48,0,48,0,48,0,48,6,47,0,48,15,49,23,51,58,67,20,50,32,51,31,55,99,77,0,48,13,51,32,69,0,48,19,54,11,51,0,48,11,48,0,48,0,48,0,48,0,48,0,48,7,46,6,47,0,48,40,51,18,48,0,48,0,48,0,48,10,49,0,48,0,48,0,48,0,48,0,48,0,48,0,48,0,48,12,50,0,48,0,48
BK75,Bedford,408,121,12,58,0,56,0,56,0,56,0,56,0,56,0,56,0,56,0,56,12,58,0,56,0,56,0,56,0,56,0,56,0,56,0,56,236,95,36,63,20,57,0,56,49,69,0,56,0,56,19,57,13,56,11,57,25,61,15,57,0,56,37,64,11,57,0,56,0,56,127,82,20,58,0,56,3,55,0,56,17,57,0,56,0,56,10,55,41,70,11,58,0,56,25,61,0,56,0,56,0,56,0,56,33,56,5,55,5,54,0,56,0,56,0,56,10,57,7,55,0,56,0,56,6,55,0,56,0,56,0,56,0,56,0,56,0,56
BK76,Greenpoint,238,112,0,42,0,42,0,42,0,42,0,42,0,42,0,42,0,42,0,42,0,42,0,42,0,42,0,42,0,42,0,42,0,42,0,42,198,108,0,42,0,42,0,42,0,42,11,43,0,42,0,42,0,42,0,42,33,47,0,42,87,76,0,42,43,73,0,42,24,51,27,42,10,43,0,42,0,42,0,42,0,42,0,42,0,42,3,40,4,40,0,42,0,42,10,43,0,42,0,42,0,42,0,42,13,45,13,45,0,42,0,42,0,42,0,42,0,42,0,42,0,42,0,42,0,42,0,42,0,42,0,42,0,42,0,42,0,42
BK77,Bushwick North,468,131,74,68,22,62,0,54,0,54,0,54,0,54,0,54,0,54,0,54,10,53,18,58,24,56,0,54,0,54,0,54,0,54,0,54,102,71,11,56,9,54,12,55,11,54,0,54,0,54,0,54,0,54,31,61,0,54,12,54,14,55,2,51,0,54,0,54,0,54,234,96,21,54,38,69,6,54,0,54,34,57,26,59,9,53,0,54,0,54,23,53,18,58,37,59,13,55,0,54,0,54,9,53,58,60,7,54,9,55,22,57,0,54,7,52,0,54,0,54,0,54,0,54,13,55,0,54,0,54,0,54,0,54,0,54,0,54
BK78,Bushwick South,574,162,44,69,0,56,0,56,0,56,0,56,25,67,0,56,0,56,0,56,0,56,0,56,0,56,6,56,0,56,13,59,0,56,0,56,228,98,44,74,24,59,9,57,0,56,62,75,0,56,0,56,14,59,13,59,11,56,20,58,31,57,0,56,0,56,0,56,0,56,218,118,74,77,0,56,0,56,5,57,0,56,0,56,46,77,9,57,31,64,0,56,0,56,35,65,10,57,8,59,0,56,0,56,84,67,42,65,8,57,7,55,0,56,15,58,0,56,0,56,0,56,0,56,0,56,0,56,0,56,0,56,0,56,0,56,12,58
BK79,Ocean Hill,215,126,0,38,0,38,0,38,0,38,0,38,0,38,0,38,0,38,0,38,0,38,0,38,0,38,0,38,0,38,0,38,0,38,0,38,34,44,19,40,0,38,0,38,0,38,0,38,0,38,0,38,15,42,0,38,0,38,0,38,0,38,0,38,0,38,0,38,0,38,145,115,100,110,0,38,0,38,0,38,0,38,0,38,0,38,0,38,0,38,0,38,0,38,0,38,0,38,0,38,0,38,45,51,36,43,9,39,6,37,0,38,0,38,6,38,0,38,0,38,0,38,0,38,0,38,0,38,0,38,15,42,0,38,0,38,0,38
BK81,Brownsville,319,114,24,62,0,51,24,62,0,51,0,51,0,51,0,51,0,51,0,51,0,51,0,51,0,51,0,51,0,51,0,51,0,51,0,51,52,68,16,54,36,65,0,51,0,51,0,51,0,51,0,51,0,51,0,51,0,51,0,51,0,51,0,51,0,51,0,51,0,51,106,70,46,58,0,51,10,51,6,51,0,51,0,51,17,55,0,51,0,51,8,51,0,51,0,51,0,51,0,51,19,57,0,51,137,76,48,64,12,52,20,53,0,51,20,53,0,51,0,51,0,51,5,50,0,51,0,51,14,53,0,51,9,51,0,51,9,52
BK82,East New York,348,111,0,65,0,65,0,65,0,65,0,65,0,65,0,65,0,65,0,65,0,65,0,65,0,65,0,65,0,65,0,65,0,65,0,65,154,86,8,65,6,64,47,77,8,64,38,72,0,65,15,66,12,64,0,65,3,64,0,65,9,66,8,64,0,65,0,65,0,65,128,83,0,65,0,65,5,64,11,66,23,68,0,65,35,70,0,65,0,65,2,64,0,65,52,75,0,65,0,65,0,65,0,65,66,70,0,65,22,65,7,64,0,65,0,65,13,66,10,65,0,65,0,65,14,67,0,65,0,65,0,65,0,65,0,65,0,65
BK83,Cypress Hills-City Line,177,70,0,49,0,49,0,49,0,49,0,49,0,49,0,49,0,49,0,49,0,49,0,49,0,49,0,49,0,49,0,49,0,49,0,49,87,61,0,49,9,50,4,48,11,51,0,49,0,49,8,50,0,49,0,49,4,48,22,52,7,50,5,49,0,49,17,55,0,49,49,57,0,49,0,49,12,51,8,49,17,51,0,49,0,49,0,49,0,49,0,49,12,51,0,49,0,49,0,49,0,49,0,49,41,48,5,49,0,49,0,49,6,49,0,49,0,49,0,49,0,49,0,49,4,49,5,49,10,51,0,49,11,48,0,49,0,49
BK85,East New York (Pennsylvania Ave),68,48,0,36,0,36,0,36,0,36,0,36,0,36,0,36,0,36,0,36,0,36,0,36,0,36,0,36,0,36,0,36,0,36,0,36,9,38,0,36,0,36,0,36,0,36,0,36,0,36,0,36,0,36,0,36,0,36,0,36,0,36,9,38,0,36,0,36,0,36,39,43,0,36,13,40,9,37,0,36,0,36,6,35,11,38,0,36,0,36,0,36,0,36,0,36,0,36,0,36,0,36,0,36,20,36,0,36,15,37,0,36,0,36,0,36,5,35,0,36,0,36,0,36,0,36,0,36,0,36,0,36,0,36,0,36,0,36
BK88,Borough Park,127,89,0,68,0,68,0,68,0,68,0,68,0,68,0,68,0,68,0,68,0,68,0,68,0,68,0,68,0,68,0,68,0,68,0,68,59,84,0,68,0,68,0,68,0,68,0,68,0,68,0,68,0,68,0,68,13,70,0,68,22,75,0,68,24,75,0,68,0,68,68,74,10,69,0,68,0,68,0,68,0,68,0,68,0,68,15,71,0,68,0,68,20,70,0,68,0,68,15,69,8,69,0,68,0,68,0,68,0,68,0,68,0,68,0,68,0,68,0,68,0,68,0,68,0,68,0,68,0,68,0,68,0,68,0,68,0,68
BK90,East Williamsburg,240,90,37,54,0,40,0,40,0,40,0,40,0,40,0,40,0,40,0,40,0,40,0,40,16,45,21,50,0,40,0,40,0,40,0,40,67,57,0,40,0,40,0,40,0,40,0,40,0,40,0,40,0,40,22,44,2,40,10,41,16,44,17,47,0,40,0,40,0,40,57,58,15,44,7,40,0,40,0,40,0,40,8,42,0,40,0,40,0,40,17,45,0,40,0,40,0,40,0,40,0,40,10,41,79,52,15,41,17,46,0,40,9,41,10,41,0,40,0,40,0,40,0,40,12,42,9,40,7,40,0,40,0,40,0,40,0,40
BK91,East Flatbush-Farragut,372,113,0,54,0,54,0,54,0,54,0,54,0,54,0,54,0,54,0,54,0,54,0,54,0,54,0,54,0,54,0,54,0,54,0,54,70,62,7,53,0,54,0,54,0,54,0,54,6,53,11,55,0,54,0,54,16,54,0,54,0,54,7,54,0,54,23,57,0,54,224,105,29,59,17,55,0,54,0,54,0,54,0,54,0,54,0,54,14,56,0,54,85,87,4,53,18,57,14,54,43,65,0,54,78,59,0,54,0,54,0,54,14,56,0,54,9,54,10,54,0,54,0,54,9,54,9,54,9,54,0,54,0,54,18,53,0,54
BK93,Starrett City,109,76,0,24,0,24,0,24,0,24,0,24,0,24,0,24,0,24,0,24,0,24,0,24,0,24,0,24,0,24,0,24,0,24,0,24,0,24,0,24,0,24,0,24,0,24,0,24,0,24,0,24,0,24,0,24,0,24,0,24,0,24,0,24,0,24,0,24,0,24,42,39,14,29,0,24,0,24,0,24,0,24,0,24,0,24,14,29,0,24,0,24,0,24,0,24,0,24,14,29,0,24,0,24,67,65,57,62,10,25,0,24,0,24,0,24,0,24,0,24,0,24,0,24,0,24,0,24,0,24,0,24,0,24,0,24,0,24
BK95,Erasmus,191,86,29,43,15,39,0,36,0,36,0,36,0,36,0,36,0,36,0,36,14,40,0,36,0,36,0,36,0,36,0,36,0,36,0,36,96,73,22,47,9,37,30,57,10,38,12,39,0,36,0,36,0,36,0,36,0,36,0,36,0,36,0,36,13,40,0,36,0,36,39,41,8,34,0,36,0,36,0,36,0,36,6,35,0,36,0,36,0,36,0,36,9,37,0,36,16,43,0,36,0,36,0,36,27,40,7,36,0,36,0,36,0,36,0,36,0,36,0,36,0,36,0,36,0,36,7,36,0,36,0,36,0,36,0,36,13,38
BK96,Rugby-Remsen Village,225,104,9,53,9,53,0,54,0,54,0,54,0,54,0,54,0,54,0,54,0,54,0,54,0,54,0,54,0,54,0,54,0,54,0,54,114,88,49,68,0,54,8,54,0,54,0,54,0,54,0,54,0,54,0,54,0,54,43,74,14,56,0,54,0,54,0,54,0,54,82,64,20,56,0,54,21,56,0,54,0,54,17,58,0,54,0,54,7,55,0,54,0,54,0,54,17,54,0,54,0,54,0,54,20,56,0,54,0,54,20,56,0,54,0,54,0,54,0,54,0,54,0,54,0,54,0,54,0,54,0,54,0,54,0,54,0,54
BK99,park-cemetery-etc-Brooklyn,27,51,0,40,0,40,0,40,0,40,0,40,0,40,0,40,0,40,0,40,0,40,0,40,0,40,0,40,0,40,0,40,0,40,0,40,20,49,0,40,0,40,0,40,0,40,0,40,0,40,0,40,0,40,0,40,0,40,20,49,0,40,0,40,0,40,0,40,0,40,7,40,0,40,0,40,0,40,0,40,0,40,0,40,0,40,0,40,0,40,0,40,7,40,0,40,0,40,0,40,0,40,0,40,0,40,0,40,0,40,0,40,0,40,0,40,0,40,0,40,0,40,0,40,0,40,0,40,0,40,0,40,0,40,0,40,0,40
BX01,Claremont-Bathgate,288,110,0,40,0,40,0,40,0,40,0,40,0,40,0,40,0,40,0,40,0,40,0,40,0,40,0,40,0,40,0,40,0,40,0,40,118,76,14,43,22,40,0,40,0,40,35,54,0,40,24,52,0,40,0,40,0,40,15,45,8,38,0,40,0,40,0,40,0,40,108,67,38,45,0,40,40,56,5,39,15,43,0,40,0,40,0,40,10,39,0,40,0,40,0,40,0,40,0,40,0,40,0,40,62,53,21,43,12,40,0,40,0,40,18,47,0,40,0,40,11,42,0,40,0,40,0,40,0,40,0,40,0,40,0,40,0,40
BX03,Eastchester-Edenwald-Baychester,231,120,0,40,0,40,0,40,0,40,0,40,0,40,0,40,0,40,0,40,0,40,0,40,0,40,0,40,0,40,0,40,0,40,0,40,68,71,0,40,14,42,0,40,0,40,0,40,0,40,16,43,0,40,0,40,38,63,0,40,0,40,0,40,0,40,0,40,0,40,130,95,0,40,13,43,12,41,0,40,0,40,0,40,0,40,0,40,0,40,14,43,0,40,71,89,5,39,6,39,9,40,0,40,33,46,0,40,2,38,17,44,0,40,0,40,0,40,0,40,0,40,0,40,0,40,0,40,0,40,0,40,0,40,14,44,0,40
BX05,Bedford Park-Fordham North,413,131,21,58,0,50,0,50,0,50,21,58,0,50,0,50,0,50,0,50,0,50,0,50,0,50,0,50,0,50,0,50,0,50,0,50,130,88,41,70,37,61,0,50,0,50,0,50,12,46,28,56,0,50,0,50,0,50,0,50,0,50,12,51,0,50,0,50,0,50,207,89,68,59,24,57,0,50,0,50,14,52,0,50,12,51,10,50,8,49,33,63,6,48,0,50,0,50,0,50,18,55,14,52,55,52,8,48,0,50,8,50,0,50,0,50,11,50,19,50,9,49,0,50,0,50,0,50,0,50,0,50,0,50,0,50,0,50
BX06,Belmont,291,137,25,50,0,34,0,34,0,34,0,34,0,34,0,34,0,34,0,34,25,50,0,34,0,34,0,34,0,34,0,34,0,34,0,34,131,92,70,76,0,34,0,34,6,31,0,34,12,34,0,34,0,34,0,34,14,36,15,38,0,34,14,37,0,34,0,34,0,34,115,126,0,34,63,101,0,34,7,32,45,79,0,34,0,34,0,34,0,34,0,34,0,34,0,34,0,34,0,34,0,34,0,34,20,43,0,34,20,43,0,34,0,34,0,34,0,34,0,34,0,34,0,34,0,34,0,34,0,34,0,34,0,34,0,34,0,34
BX07,Bronxdale,501,157,79,86,0,38,79,86,0,38,0,38,0,38,0,38,0,38,0,38,0,38,0,38,0,38,0,38,0,38,0,38,0,38,0,38,128,81,31,59,14,40,10,39,8,38,37,62,0,38,0,38,0,38,0,38,0,38,0,38,20,41,0,38,0,38,0,38,8,38,209,105,25,44,23,48,24,52,0,38,39,73,16,42,0,38,9,39,0,38,14,43,25,54,34,48,0,38,0,38,0,38,0,38,85,55,22,43,11,40,0,38,16,44,16,38,0,38,0,38,10,39,0,38,10,39,0,38,0,38,0,38,0,38,0,38,0,38
BX08,West Farms-Bronx River,816,218,46,62,0,40,0,40,0,40,0,40,28,56,18,48,0,40,0,40,0,40,0,40,0,40,0,40,0,40,0,40,0,40,0,40,348,146,7,40,32,63,46,61,51,72,69,103,30,48,0,40,26,55,0,40,16,43,16,44,18,48,30,49,7,39,0,40,0,40,273,124,45,64,36,46,11,41,0,40,52,72,0,40,0,40,0,40,0,40,19,48,37,55,12,41,8,40,0,40,30,51,23,51,149,86,65,77,0,40,39,48,0,40,0,40,0,40,0,40,0,40,0,40,11,42,16,40,0,40,0,40,18,45,0,40,0,40
BX09,Soundview-Castle Hill-Clason Point-Harding Park,339,111,7,48,0,50,0,50,0,50,0,50,0,50,0,50,7,48,0,50,0,50,0,50,0,50,0,50,0,50,0,50,0,50,0,50,61,54,5,49,0,50,0,50,0,50,0,50,9,49,0,50,18,54,0,50,0,50,14,51,7,48,8,50,0,50,0,50,0,50,177,84,9,50,9,49,32,58,0,50,35,52,0,50,0,50,0,50,0,50,13,51,0,50,41,63,0,50,14,52,24,53,0,50,94,65,22,52,10,49,17,54,13,52,0,50,12,51,0,50,0,50,0,50,0,50,0,50,0,50,20,55,0,50,0,50,0,50
BX10,Pelham Bay-Country Club-City Island,130,103,0,34,0,34,0,34,0,34,0,34,0,34,0,34,0,34,0,34,0,34,0,34,0,34,0,34,0,34,0,34,0,34,0,34,100,91,0,34,0,34,26,50,0,34,0,34,0,34,0,34,0,34,16,39,0,34,0,34,0,34,58,81,0,34,0,34,0,34,21,47,0,34,0,34,0,34,0,34,1,43,0,34,0,34,0,34,0,34,14,36,0,34,0,34,6,34,0,34,0,34,0,34,9,35,0,34,0,34,0,34,0,34,0,34,0,34,0,34,0,34,0,34,0,34,0,34,9,35,0,34,0,34,0,34,0,34
BX13,Co-op City,381,181,36,63,0,33,0,33,0,33,36,63,0,33,0,33,0,33,0,33,0,33,0,33,0,33,0,33,0,33,0,33,0,33,0,33,55,55,28,50,0,33,0,33,0,33,0,33,0,33,0,33,0,33,15,33,0,33,0,33,12,32,0,33,0,33,0,33,0,33,231,145,0,33,0,33,39,48,0,33,14,34,0,33,0,33,0,33,42,43,16,35,0,33,9,32,23,47,0,33,88,119,0,33,59,58,0,33,0,33,0,33,0,33,17,35,0,33,0,33,0,33,0,33,42,52,0,33,0,33,0,33,0,33,0,33,0,33
BX14,East Concourse-Concourse Village,494,151,32,63,0,51,5,49,0,51,0,51,0,51,0,51,0,51,27,64,0,51,0,51,0,51,0,51,0,51,0,51,0,51,0,51,143,103,15,56,0,51,33,70,0,51,28,66,29,67,10,52,2,52,0,51,0,51,0,51,12,52,0,51,0,51,14,54,0,51,190,88,82,68,0,51,29,60,0,51,0,51,13,48,0,51,0,51,7,51,0,51,18,56,41,60,0,51,0,51,0,51,0,51,129,75,60,61,13,54,0,51,0,51,0,51,10,52,13,54,16,51,0,51,0,51,17,56,0,51,0,51,0,51,0,51,0,51
BX17,East Tremont,434,127,24,46,11,47,4,44,0,45,0,45,9,45,0,45,0,45,0,45,0,45,0,45,0,45,0,45,0,45,0,45,0,45,0,45,228,103,48,59,24,48,10,46,15,48,19,52,8,43,38,65,0,45,0,45,0,45,0,45,39,65,0,45,0,45,27,54,0,45,118,71,13,45,7,46,15,49,0,45,0,45,0,45,0,45,0,45,26,58,0,45,16,48,14,43,27,52,0,45,0,45,0,45,64,55,18,46,35,50,0,45,11,47,0,45,0,45,0,45,0,45,0,45,0,45,0,45,0,45,0,45,0,45,0,45,0,45
BX22,North Riverdale-Fieldston-Riverdale,146,73,0,38,0,38,0,38,0,38,0,38,0,38,0,38,0,38,0,38,0,38,0,38,0,38,0,38,0,38,0,38,0,38,0,38,65,52,11,39,0,38,0,38,0,38,0,38,0,38,0,38,0,38,0,38,10,39,22,47,10,39,12,40,0,38,0,38,0,38,37,46,0,38,0,38,0,38,0,38,9,39,11,41,0,38,0,38,0,38,0,38,0,38,0,38,10,39,7,38,0,38,0,38,44,50,0,38,0,38,11,40,0,38,22,48,0,38,0,38,0,38,0,38,0,38,0,38,0,38,0,38,11,38,0,38,0,38
BX26,Highbridge,293,103,0,42,0,42,0,42,0,42,0,42,0,42,0,42,0,42,0,42,0,42,0,42,0,42,0,42,0,42,0,42,0,42,0,42,111,70,48,63,7,40,0,42,0,42,8,40,15,45,8,42,0,42,7,40,0,42,18,46,0,42,0,42,0,42,0,42,0,42,141,75,65,59,15,44,0,42,0,42,0,42,0,42,0,42,0,42,15,45,14,44,16,41,0,42,16,46,0,42,0,42,0,42,41,46,0,42,29,47,7,40,5,39,0,42,0,42,0,42,0,42,0,42,0,42,0,42,0,42,0,42,0,42,0,42,0,42
BX27,Hunts Point,288,101,0,38,0,38,0,38,0,38,0,38,0,38,0,38,0,38,0,38,0,38,0,38,0,38,0,38,0,38,0,38,0,38,0,38,97,62,10,38,6,37,4,37,12,39,30,54,8,36,0,38,13,39,0,38,8,38,0,38,0,38,6,35,0,38,0,38,0,38,156,74,10,37,9,37,57,55,0,38,0,38,11,39,9,39,7,38,13,41,23,41,9,39,0,38,0,38,0,38,0,38,8,39,35,45,0,38,6,38,3,34,12,40,8,37,0,38,0,38,0,38,6,36,0,38,0,38,0,38,0,38,0,38,0,38,0,38
BX28,Van Cortlandt Village,560,149,37,51,18,49,0,43,0,43,0,43,12,45,0,43,0,43,0,43,0,43,7,44,0,43,0,43,0,43,0,43,0,43,0,43,145,78,8,44,0,43,39,60,0,43,22,56,9,43,26,49,7,43,17,45,8,43,0,43,9,44,0,43,0,43,0,43,0,43,318,123,0,43,12,45,19,43,19,44,0,43,14,47,47,78,21,53,0,43,65,69,11,45,52,55,30,49,0,43,28,44,0,43,60,51,17,46,0,43,9,43,0,43,0,43,0,43,8,43,0,43,0,43,15,45,0,43,0,43,0,43,0,43,0,43,11,44
BX29,Spuyten Duyvil-Kingsbridge,318,121,0,38,0,38,0,38,0,38,0,38,0,38,0,38,0,38,0,38,0,38,0,38,0,38,0,38,0,38,0,38,0,38,0,38,182,95,0,38,0,38,0,38,0,38,11,40,0,38,10,40,0,38,0,38,41,50,0,38,25,43,84,82,7,38,4,37,0,38,107,74,9,39,47,70,0,38,0,38,0,38,0,38,0,38,0,38,0,38,0,38,13,41,18,39,0,38,13,41,0,38,7,38,29,42,0,38,8,38,0,38,0,38,11,40,0,38,0,38,0,38,0,38,10,40,0,38,0,38,0,38,0,38,0,38,0,38
BX30,Kingsbridge Heights,409,127,23,43,0,38,12,41,0,38,0,38,0,38,0,38,0,38,0,38,0,38,0,38,0,38,11,40,0,38,0,38,0,38,0,38,146,74,38,43,13,39,0,38,16,43,0,38,12,39,0,38,18,39,0,38,0,38,11,40,0,38,38,55,0,38,0,38,0,38,171,88,16,35,48,58,0,38,34,53,0,38,24,45,0,38,0,38,0,38,18,41,14,42,17,43,0,38,0,38,0,38,0,38,69,52,10,37,12,39,0,38,24,45,0,38,0,38,23,44,0,38,0,38,0,38,0,38,0,38,0,38,0,38,0,38,0,38
BX31,Allerton-Pelham Gardens,197,84,8,42,0,42,0,42,0,42,0,42,0,42,0,42,0,42,8,42,0,42,0,42,0,42,0,42,0,42,0,42,0,42,0,42,81,74,0,42,20,49,0,42,0,42,12,42,0,42,0,42,25,56,0,42,0,42,0,42,20,51,0,42,4,42,0,42,0,42,95,54,9,40,0,42,0,42,0,42,0,42,5,41,41,47,0,42,0,42,0,42,15,46,11,38,5,41,0,42,9,43,0,42,13,41,8,41,0,42,0,42,0,42,0,42,0,42,0,42,0,42,0,42,5,41,0,42,0,42,0,42,0,42,0,42,0,42
BX33,Longwood,215,80,9,35,0,36,0,36,9,35,0,36,0,36,0,36,0,36,0,36,0,36,0,36,0,36,0,36,0,36,0,36,0,36,0,36,64,39,19,34,6,33,10,36,0,36,0,36,9,36,0,36,0,36,0,36,8,34,12,37,0,36,0,36,0,36,0,36,0,36,102,60,27,42,0,36,17,42,0,36,13,37,9,38,14,39,11,37,0,36,0,36,0,36,0,36,11,37,0,36,0,36,0,36,40,43,21,36,0,36,0,36,13,38,0,36,6,34,0,36,0,36,0,36,0,36,0,36,0,36,0,36,0,36,0,36,0,36
BX34,Melrose South-Mott Haven North,274,105,0,42,0,42,0,42,0,42,0,42,0,42,0,42,0,42,0,42,0,42,0,42,0,42,0,42,0,42,0,42,0,42,0,42,46,51,0,42,0,42,0,42,8,43,0,42,7,40,0,42,0,42,12,43,19,47,0,42,0,42,0,42,0,42,0,42,0,42,158,86,15,44,19,50,34,57,0,42,42,49,8,42,18,48,0,42,0,42,0,42,0,42,22,52,0,42,0,42,0,42,0,42,70,61,13,41,25,55,9,42,11,44,0,42,12,42,0,42,0,42,0,42,0,42,0,42,0,42,0,42,0,42,0,42,0,42
BX35,Morrisania-Melrose,544,144,15,38,0,40,0,40,0,40,0,40,0,40,0,40,0,40,8,38,0,40,7,39,0,40,0,40,0,40,0,40,0,40,0,40,197,94,73,62,42,59,0,40,39,57,28,48,0,40,0,40,5,39,0,40,10,39,0,40,0,40,0,40,0,40,0,40,0,40,276,95,96,57,14,45,9,38,0,40,0,40,10,41,6,37,6,40,16,45,7,40,34,53,66,57,0,40,0,40,12,39,0,40,56,48,28,41,0,40,0,40,19,41,0,40,0,40,0,40,0,40,9,39,0,40,0,40,0,40,0,40,0,40,0,40,0,40
BX36,University Heights-Morris Heights,601,170,32,56,0,51,0,51,7,51,16,55,9,50,0,51,0,51,0,51,0,51,0,51,0,51,0,51,0,51,0,51,0,51,0,51,213,120,8,51,27,61,0,51,10,53,6,51,0,51,57,90,8,51,16,53,50,74,4,50,18,57,0,51,0,51,9,51,0,51,286,115,82,70,31,57,39,65,0,51,28,54,14,50,17,53,0,51,63,73,0,51,0,51,12,52,0,51,0,51,0,51,0,51,70,57,26,51,0,51,0,51,22,49,0,51,0,51,0,51,0,51,8,51,14,54,0,51,0,51,0,51,0,51,0,51,0,51
BX37,Van Nest-Morris Park-Westchester Square,327,113,22,49,0,42,0,42,3,40,0,42,0,42,0,42,0,42,0,42,0,42,0,42,0,42,19,50,0,42,0,42,0,42,0,42,149,85,0,42,0,42,0,42,8,42,20,52,0,42,24,56,16,43,6,41,6,41,16,43,8,42,45,61,0,42,0,42,0,42,136,72,13,45,14,43,25,46,0,42,6,41,0,42,0,42,0,42,5,41,10,43,25,46,10,43,28,49,0,42,0,42,0,42,20,42,0,42,0,42,12,44,0,42,0,42,0,42,0,42,0,42,0,42,0,42,2,40,0,42,6,41,0,42,0,42,0,42
BX39,Mott Haven-Port Morris,379,120,22,59,22,59,0,50,0,50,0,50,0,50,0,50,0,50,0,50,0,50,0,50,0,50,0,50,0,50,0,50,0,50,0,50,139,74,0,50,10,49,48,61,19,50,0,50,0,50,19,53,0,50,9,50,10,50,11,51,0,50,13,50,0,50,0,50,0,50,133,74,14,49,50,59,14,53,0,50,8,49,8,48,25,63,6,50,0,50,0,50,8,50,0,50,0,50,0,50,0,50,0,50,85,61,6,47,12,50,51,59,11,50,0,50,0,50,0,50,0,50,0,50,0,50,0,50,5,49,0,50,0,50,0,50,0,50
BX40,Fordham South,173,95,21,36,0,32,0,32,0,32,0,32,11,34,0,32,0,32,0,32,0,32,0,32,0,32,10,33,0,32,0,32,0,32,0,32,98,78,21,42,0,32,26,50,51,59,0,32,0,32,0,32,0,32,0,32,0,32,0,32,0,32,0,32,0,32,0,32,0,32,54,56,0,32,0,32,29,45,0,32,0,32,0,32,0,32,25,47,0,32,0,32,0,32,0,32,0,32,0,32,0,32,0,32,0,32,0,32,0,32,0,32,0,32,0,32,0,32,0,32,0,32,0,32,0,32,0,32,0,32,0,32,0,32,0,32,0,32
BX41,Mount Hope,502,139,5,49,5,49,0,51,0,51,0,51,0,51,0,51,0,51,0,51,0,51,0,51,0,51,0,51,0,51,0,51,0,51,0,51,216,97,15,54,23,51,4,50,8,50,10,51,25,56,27,50,38,65,0,51,56,73,0,51,10,51,0,51,0,51,0,51,0,51,127,74,40,56,30,61,20,52,4,49,9,51,0,51,0,51,12,53,0,51,0,51,12,52,0,51,0,51,0,51,0,51,0,51,154,89,67,86,20,52,18,51,0,51,0,51,0,51,0,51,9,51,9,52,0,51,9,50,3,50,5,50,14,52,0,51,0,51
BX43,Norwood,622,170,30,61,0,41,0,41,0,41,0,41,0,41,0,41,0,41,0,41,0,41,30,61,0,41,0,41,0,41,0,41,0,41,0,41,434,141,118,83,44,52,26,45,0,41,18,48,0,41,42,67,30,51,38,59,56,59,13,43,9,41,27,46,13,43,0,41,0,41,124,74,12,42,13,44,34,49,0,41,0,41,43,55,0,41,0,41,0,41,0,41,0,41,22,51,0,41,0,41,0,41,0,41,34,51,11,40,0,41,0,41,0,41,0,41,0,41,0,41,0,41,0,41,0,41,0,41,23,51,0,41,0,41,0,41,0,41
BX44,Williamsbridge-Olinville,302,111,0,54,0,54,0,54,0,54,0,54,0,54,0,54,0,54,0,54,0,54,0,54,0,54,0,54,0,54,0,54,0,54,0,54,121,91,11,56,0,54,0,54,0,54,39,69,5,53,11,55,0,54,0,54,32,68,23,60,0,54,0,54,0,54,0,54,0,54,139,73,32,58,8,54,10,54,12,56,6,53,0,54,0,54,0,54,0,54,0,54,26,59,16,56,9,54,8,54,12,56,0,54,42,57,14,53,0,54,0,54,0,54,0,54,0,54,10,55,10,55,0,54,0,54,8,54,0,54,0,54,0,54,0,54,0,54
BX46,Parkchester,666,198,0,36,0,36,0,36,0,36,0,36,0,36,0,36,0,36,0,36,0,36,0,36,0,36,0,36,0,36,0,36,0,36,0,36,365,157,4,35,0,36,0,36,66,80,19,39,16,41,32,48,0,36,0,36,47,64,44,60,37,53,44,54,0,36,56,81,0,36,171,93,0,36,0,36,0,36,0,36,0,36,17,42,0,36,0,36,23,50,14,39,33,49,55,46,29,47,0,36,0,36,0,36,130,70,30,46,30,42,27,47,23,47,0,36,0,36,0,36,0,36,0,36,0,36,12,37,8,36,0,36,0,36,0,36,0,36
BX49,Pelham Parkway,202,96,5,37,5,37,0,38,0,38,0,38,0,38,0,38,0,38,0,38,0,38,0,38,0,38,0,38,0,38,0,38,0,38,0,38,103,69,0,38,0,38,10,39,11,40,0,38,0,38,0,38,0,38,42,61,16,44,0,38,11,37,0,38,0,38,13,42,0,38,87,68,0,38,14,41,32,52,0,38,0,38,0,38,0,38,21,55,0,38,0,38,0,38,10,39,10,39,0,38,0,38,0,38,7,38,0,38,0,38,0,38,0,38,0,38,0,38,0,38,0,38,0,38,0,38,0,38,7,38,0,38,0,38,0,38,0,38
BX52,Schuylerville-Throgs Neck-Edgewater Park,448,146,55,79,0,52,0,52,0,52,0,52,0,52,20,60,0,52,0,52,0,52,0,52,0,52,0,52,35,74,0,52,0,52,0,52,268,111,86,82,0,52,25,64,6,51,0,52,0,52,0,52,0,52,25,65,66,62,22,55,13,52,11,54,14,55,0,52,0,52,85,70,53,63,0,52,0,52,0,52,0,52,0,52,0,52,0,52,0,52,11,57,0,52,0,52,21,54,0,52,0,52,0,52,40,62,7,52,0,52,29,62,0,52,0,52,0,52,0,52,0,52,0,52,4,52,0,52,0,52,0,52,0,52,0,52,0,52
BX55,Soundview-Bruckner,835,194,16,45,0,40,0,40,0,40,0,40,0,40,0,40,16,45,0,40,0,40,0,40,0,40,0,40,0,40,0,40,0,40,0,40,346,126,116,83,24,54,10,40,20,48,33,56,5,39,16,44,15,47,0,40,33,50,55,55,0,40,19,48,0,40,0,40,0,40,407,145,107,79,92,83,37,58,18,41,35,54,0,40,0,40,32,51,24,52,22,52,2,41,8,40,30,53,0,40,0,40,0,40,66,52,24,46,0,40,16,40,8,40,6,40,0,40,0,40,0,40,0,40,0,40,0,40,0,40,0,40,0,40,12,42,0,40
BX59,Westchester-Unionport,470,146,47,55,0,36,0,36,8,36,16,43,23,49,0,36,0,36,0,36,0,36,0,36,0,36,0,36,0,36,0,36,0,36,0,36,275,121,10,37,44,57,37,67,34,60,0,36,8,38,0,36,0,36,0,36,44,62,43,60,44,59,5,35,0,36,6,36,0,36,127,68,0,36,11,38,10,39,11,38,21,47,0,36,0,36,11,38,15,40,0,36,17,35,12,39,11,38,0,36,0,36,8,37,21,37,0,36,0,36,0,36,0,36,0,36,0,36,8,36,0,36,8,38,0,36,0,36,5,33,0,36,0,36,0,36,0,36
BX62,Woodlawn-Wakefield,170,76,7,47,0,48,0,48,0,48,0,48,0,48,0,48,0,48,0,48,0,48,0,48,0,48,0,48,0,48,0,48,0,48,7,47,97,67,0,48,0,48,0,48,0,48,0,48,8,48,0,48,0,48,0,48,29,53,6,48,26,60,23,52,0,48,0,48,5,47,47,58,0,48,9,50,0,48,0,48,0,48,0,48,0,48,0,48,14,51,0,48,7,49,9,49,0,48,0,48,8,49,0,48,19,47,0,48,0,48,0,48,0,48,0,48,6,48,0,48,0,48,0,48,0,48,13,47,0,48,0,48,0,48,0,48,0,48
BX63,West Concourse,376,129,0,42,0,42,0,42,0,42,0,42,0,42,0,42,0,42,0,42,0,42,0,42,0,42,0,42,0,42,0,42,0,42,0,42,89,81,3,39,0,42,0,42,0,42,10,44,10,42,0,42,9,41,0,42,49,77,8,40,0,42,0,42,0,42,0,42,0,42,239,100,20,42,52,55,28,48,26,50,25,50,0,42,0,42,13,43,0,42,0,42,47,57,24,45,4,40,0,42,0,42,0,42,48,53,15,44,25,48,0,42,0,42,0,42,8,43,0,42,0,42,0,42,0,42,0,42,0,42,0,42,0,42,0,42,0,42
BX75,Crotona Park East,124,58,0,29,0,29,0,29,0,29,0,29,0,29,0,29,0,29,0,29,0,29,0,29,0,29,0,29,0,29,0,29,0,29,0,29,52,43,15,32,0,29,16,36,0,29,11,31,0,29,0,29,0,29,0,29,0,29,10,31,0,29,0,29,0,29,0,29,0,29,57,41,20,35,6,29,0,29,0,29,0,29,22,35,0,29,0,29,0,29,9,30,0,29,0,29,0,29,0,29,0,29,0,29,15,35,15,35,0,29,0,29,0,29,0,29,0,29,0,29,0,29,0,29,0,29,0,29,0,29,0,29,0,29,0,29,0,29
BX98,Rikers Island,0,17,0,17,0,17,0,17,0,17,0,17,0,17,0,17,0,17,0,17,0,17,0,17,0,17,0,17,0,17,0,17,0,17,0,17,0,17,0,17,0,17,0,17,0,17,0,17,0,17,0,17,0,17,0,17,0,17,0,17,0,17,0,17,0,17,0,17,0,17,0,17,0,17,0,17,0,17,0,17,0,17,0,17,0,17,0,17,0,17,0,17,0,17,0,17,0,17,0,17,0,17,0,17,0,17,0,17,0,17,0,17,0,17,0,17,0,17,0,17,0,17,0,17,0,17,0,17,0,17,0,17,0,17,0,17,0,17
BX99,park-cemetery-etc-Bronx,27,41,0,32,0,32,0,32,0,32,0,32,0,32,0,32,0,32,0,32,0,32,0,32,0,32,0,32,0,32,0,32,0,32,0,32,0,32,0,32,0,32,0,32,0,32,0,32,0,32,0,32,0,32,0,32,0,32,0,32,0,32,0,32,0,32,0,32,0,32,27,41,0,32,0,32,0,32,0,32,0,32,0,32,0,32,0,32,0,32,0,32,15,37,12,34,0,32,0,32,0,32,0,32,0,32,0,32,0,32,0,32,0,32,0,32,0,32,0,32,0,32,0,32,0,32,0,32,0,32,0,32,0,32,0,32,0,32
MN01,Marble Hill-Inwood,923,219,0,41,0,41,0,41,0,41,0,41,0,41,0,41,0,41,0,41,0,41,0,41,0,41,0,41,0,41,0,41,0,41,0,41,432,157,0,41,0,41,43,53,0,41,0,41,6,39,13,42,0,41,15,44,42,59,125,105,95,97,66,71,12,43,15,45,0,41,348,144,62,59,62,73,31,50,0,41,22,44,0,41,22,43,8,41,99,103,7,40,0,41,9,39,0,41,9,41,6,40,11,41,143,76,55,64,33,44,27,41,0,41,6,38,0,41,0,41,13,43,0,41,0,41,9,40,0,41,0,41,0,41,0,41,0,41
MN03,Central Harlem North-Polo Grounds,1632,282,34,62,0,59,24,61,0,59,10,60,0,59,0,59,0,59,0,59,0,59,0,59,0,59,0,59,0,59,0,59,0,59,0,59,922,224,112,98,85,89,43,74,0,59,28,64,37,68,24,63,90,90,19,64,44,74,171,106,78,73,88,98,0,59,92,98,11,60,545,181,117,103,46,75,26,62,21,60,57,75,62,80,15,61,0,59,31,75,29,65,16,62,74,89,4,58,18,61,0,59,29,73,131,82,62,69,36,68,16,59,8,59,0,59,0,59,0,59,0,59,0,59,0,59,0,59,0,59,0,59,0,59,9,58,0,59
MN04,Hamilton Heights,2660,418,23,56,23,56,0,46,0,46,0,46,0,46,0,46,0,46,0,46,0,46,0,46,0,46,0,46,0,46,0,46,0,46,0,46,1141,280,222,128,47,72,87,89,149,102,70,76,8,45,72,91,27,61,47,71,77,76,16,49,160,103,84,117,0,46,23,57,52,74,978,249,173,108,128,106,78,84,35,56,89,89,149,115,0,46,36,57,0,46,84,84,18,51,70,71,38,60,57,68,23,57,0,46,518,174,206,125,89,79,29,63,62,71,0,46,27,62,26,58,67,74,0,46,0,46,0,46,12,47,0,46,0,46,0,46,0,46
MN06,Manhattanville,923,208,104,88,0,34,21,45,0,34,37,65,0,34,0,34,0,34,0,34,0,34,26,50,20,44,0,34,0,34,0,34,0,34,0,34,403,139,70,59,59,74,37,53,25,39,0,34,21,38,61,73,15,37,0,34,0,34,27,36,34,59,0,34,19,43,35,62,0,34,316,129,37,51,28,55,28,43,67,75,0,34,23,44,52,56,0,34,0,34,19,42,26,47,11,36,0,34,25,43,0,34,0,34,100,64,19,42,0,34,34,45,18,41,0,34,0,34,9,33,0,34,0,34,7,34,0,34,0,34,0,34,13,38,0,34,0,34
MN09,Morningside Heights,645,168,37,45,4,44,2,44,0,45,0,45,12,46,0,45,0,45,7,45,0,45,12,45,0,45,0,45,0,45,0,45,0,45,0,45,304,117,34,51,20,49,0,45,35,54,10,45,0,45,0,45,0,45,0,45,32,66,0,45,79,71,36,51,0,45,38,62,20,48,189,97,0,45,0,45,11,47,14,48,0,45,0,45,0,45,0,45,35,70,15,48,63,66,18,46,0,45,0,45,11,47,22,46,115,75,31,56,16,48,14,47,15,47,0,45,0,45,0,45,0,45,0,45,7,45,13,47,19,52,0,45,0,45,0,45,0,45
MN11,Central Harlem South,514,129,17,45,9,45,0,45,0,45,0,45,0,45,0,45,0,45,0,45,8,45,0,45,0,45,0,45,0,45,0,45,0,45,0,45,221,85,28,50,18,47,0,45,14,47,17,51,9,46,0,45,0,45,0,45,13,43,32,54,21,48,11,45,13,48,28,51,17,49,216,83,55,54,17,48,13,47,8,45,0,45,10,46,0,45,17,49,10,45,0,45,29,52,0,45,27,50,0,45,18,47,12,46,60,54,7,45,14,48,15,48,0,45,0,45,10,46,0,45,0,45,0,45,0,45,14,46,0,45,0,45,0,45,0,45,0,45
MN12,Upper West Side,1724,333,37,69,0,68,0,68,0,68,0,68,14,70,11,68,0,68,0,68,0,68,0,68,0,68,0,68,0,68,0,68,12,68,0,68,655,206,27,73,16,72,13,70,39,80,45,81,15,70,0,68,0,68,0,68,16,71,0,68,88,106,147,100,16,71,112,110,121,103,591,215,134,107,30,74,0,68,0,68,0,68,32,84,0,68,0,68,82,106,41,79,80,95,54,94,30,70,0,68,108,125,0,68,441,162,78,87,93,111,9,68,15,70,14,70,17,72,42,79,0,68,12,68,55,86,30,74,0,68,23,73,27,78,12,69,14,69
MN13,Hudson Yards-Chelsea-Flat Iron-Union Square,1158,293,92,100,18,58,0,54,0,54,0,54,31,72,0,54,0,54,0,54,43,84,0,54,0,54,0,54,0,54,0,54,0,54,0,54,614,217,25,54,11,55,15,57,0,54,33,62,35,75,0,54,25,66,0,54,7,53,0,54,46,67,147,137,40,71,0,54,230,143,336,165,17,59,25,60,32,63,0,54,126,132,0,54,0,54,13,57,9,53,0,54,23,65,32,61,0,54,0,54,43,82,16,54,116,103,30,70,0,54,58,86,0,54,0,54,0,54,0,54,0,54,6,52,0,54,13,56,9,53,0,54,0,54,0,54,0,54
MN14,Lincoln Square,508,194,20,55,0,48,0,48,0,48,0,48,0,48,0,48,0,48,0,48,0,48,20,55,0,48,0,48,0,48,0,48,0,48,0,48,251,136,0,48,0,48,16,52,0,48,0,48,0,48,0,48,0,48,15,51,0,48,0,48,34,53,0,48,0,48,129,116,57,70,191,138,95,105,0,48,41,76,0,48,0,48,0,48,11,48,0,48,0,48,0,48,44,85,0,48,0,48,0,48,0,48,0,48,46,60,12,49,13,50,0,48,0,48,0,48,0,48,0,48,0,48,0,48,0,48,0,48,0,48,0,48,21,58,0,48,0,48
MN15,Clinton,899,243,14,43,0,43,0,43,0,43,0,43,0,43,0,43,0,43,0,43,0,43,0,43,0,43,1,42,13,44,0,43,0,43,0,43,300,134,15,46,0,43,13,45,0,43,0,43,0,43,23,54,0,43,0,43,25,56,70,76,95,99,20,47,15,46,12,47,12,44,382,158,18,49,32,52,32,64,10,43,57,87,20,51,35,53,0,43,12,44,39,75,16,48,79,72,13,46,11,43,8,44,0,43,203,148,32,65,60,70,0,43,30,61,0,43,0,43,0,43,0,43,0,43,0,43,0,43,0,43,0,43,0,43,81,119,0,43
MN17,Midtown-Midtown South,409,131,6,50,6,50,0,51,0,51,0,51,0,51,0,51,0,51,0,51,0,51,0,51,0,51,0,51,0,51,0,51,0,51,0,51,279,114,31,70,0,51,7,51,0,51,5,50,16,54,0,51,0,51,0,51,0,51,11,52,25,57,46,63,0,51,7,51,131,88,90,76,32,67,0,51,0,51,15,54,7,51,0,51,8,51,0,51,16,55,0,51,0,51,0,51,0,51,0,51,12,53,0,51,34,63,34,63,0,51,0,51,0,51,0,51,0,51,0,51,0,51,0,51,0,51,0,51,0,51,0,51,0,51,0,51,0,51
MN19,Turtle Bay-East Midtown,385,132,52,72,0,48,0,48,0,48,0,48,0,48,0,48,0,48,0,48,0,48,0,48,28,68,0,48,0,48,0,48,13,51,11,50,186,101,0,48,0,48,0,48,0,48,0,48,0,48,0,48,11,50,0,48,0,48,0,48,12,49,23,57,33,57,23,58,84,80,59,56,0,48,0,48,0,48,9,47,0,48,0,48,0,48,15,52,0,48,14,50,0,48,0,48,0,48,21,51,0,48,0,48,88,76,22,58,0,48,43,64,0,48,0,48,23,58,0,48,0,48,0,48,0,48,0,48,0,48,0,48,0,48,0,48,0,48
MN20,Murray Hill-Kips Bay,474,185,48,51,0,42,0,42,10,44,0,42,0,42,0,42,0,42,0,42,0,42,10,42,0,42,0,42,17,48,11,42,0,42,0,42,169,100,25,50,0,42,0,42,0,42,0,42,0,42,0,42,0,42,0,42,22,52,5,42,0,42,0,42,0,42,97,87,20,51,227,134,0,42,0,42,15,45,69,95,0,42,0,42,15,45,0,42,25,47,0,42,46,65,46,60,0,42,11,44,0,42,0,42,30,45,0,42,16,46,0,42,0,42,0,42,0,42,0,42,0,42,0,42,0,42,0,42,0,42,0,42,7,41,7,41,0,42
MN21,Gramercy,194,100,19,32,0,34,0,34,0,34,0,34,0,34,0,34,0,34,11,35,0,34,0,34,0,34,0,34,0,34,0,34,8,32,0,34,126,93,0,34,0,34,0,34,0,34,0,34,0,34,0,34,0,34,42,73,0,34,25,49,13,36,0,34,13,37,33,46,0,34,27,39,0,34,14,37,0,34,0,34,0,34,0,34,0,34,0,34,0,34,0,34,0,34,0,34,0,34,0,34,0,34,13,36,22,33,10,34,0,34,0,34,0,34,0,34,0,34,0,34,0,34,0,34,7,31,5,31,0,34,0,34,0,34,0,34,0,34
MN22,East Village,487,164,19,37,19,37,0,40,0,40,0,40,0,40,0,40,0,40,0,40,0,40,0,40,0,40,0,40,0,40,0,40,0,40,0,40,345,141,29,58,18,46,29,52,16,44,12,41,0,40,0,40,13,42,30,59,37,52,22,50,0,40,80,82,0,40,16,44,43,49,114,90,19,44,0,40,27,46,0,40,0,40,0,40,0,40,0,40,0,40,0,40,0,40,42,73,0,40,26,55,0,40,0,40,9,39,0,40,0,40,0,40,0,40,0,40,0,40,0,40,0,40,0,40,0,40,0,40,0,40,9,39,0,40,0,40,0,40
MN23,West Village,880,277,87,90,0,56,8,55,4,55,0,56,0,56,0,56,0,56,0,56,0,56,43,77,0,56,32,75,0,56,0,56,0,56,0,56,673,260,8,55,17,60,0,56,0,56,0,56,0,56,0,56,15,60,0,56,28,63,67,84,94,122,17,62,10,56,63,86,354,200,79,70,7,56,0,56,0,56,12,58,0,56,0,56,0,56,0,56,0,56,8,57,12,57,0,56,0,56,11,57,0,56,29,63,41,63,0,56,10,56,0,56,0,56,0,56,17,62,0,56,0,56,14,58,0,56,0,56,0,56,0,56,0,56,0,56,0,56
MN24,SoHo-TriBeCa-Civic Center-Little Italy,353,140,10,41,0,42,0,42,0,42,0,42,0,42,0,42,0,42,0,42,0,42,0,42,10,41,0,42,0,42,0,42,0,42,0,42,185,110,33,64,0,42,0,42,0,42,0,42,0,42,12,44,0,42,12,46,0,42,0,42,15,48,23,46,0,42,13,45,77,85,91,84,0,42,0,42,0,42,0,42,14,45,0,42,0,42,18,49,0,42,0,42,0,42,13,45,46,76,0,42,0,42,0,42,67,58,14,44,15,47,0,42,0,42,18,48,0,42,0,42,0,42,0,42,0,42,0,42,0,42,0,42,0,42,0,42,20,42
MN25,Battery Park City-Lower Manhattan,352,152,25,44,2,40,16,46,0,42,0,42,0,42,0,42,0,42,0,42,0,42,0,42,0,42,7,41,0,42,0,42,0,42,0,42,182,116,13,44,12,39,0,42,0,42,0,42,0,42,0,42,0,42,0,42,0,42,16,45,0,42,20,48,11,44,71,86,39,73,83,79,0,42,0,42,0,42,0,42,0,42,0,42,0,42,0,42,0,42,0,42,0,42,15,45,0,42,53,74,0,42,15,44,62,76,0,42,0,42,0,42,0,42,0,42,0,42,0,42,7,43,0,42,16,45,39,72,0,42,0,42,0,42,0,42,0,42
MN27,Chinatown,386,144,0,44,0,44,0,44,0,44,0,44,0,44,0,44,0,44,0,44,0,44,0,44,0,44,0,44,0,44,0,44,0,44,0,44,202,102,5,43,10,45,7,42,0,44,21,54,0,44,29,44,16,50,0,44,29,62,0,44,15,47,40,51,0,44,0,44,30,64,108,91,18,42,39,62,0,44,0,44,0,44,0,44,0,44,0,44,0,44,0,44,0,44,14,46,0,44,0,44,0,44,37,72,76,62,16,44,13,45,0,44,0,44,8,44,19,51,0,44,20,52,0,44,0,44,0,44,0,44,0,44,0,44,0,44,0,44
MN28,Lower East Side,1256,243,0,56,0,56,0,56,0,56,0,56,0,56,0,56,0,56,0,56,0,56,0,56,0,56,0,56,0,56,0,56,0,56,0,56,517,165,14,58,0,56,11,57,0,56,0,56,0,56,65,91,63,87,0,56,48,68,73,80,111,86,29,61,0,56,29,63,74,68,404,138,47,62,52,81,79,69,100,90,17,60,20,56,0,56,9,55,9,56,21,58,8,56,21,58,21,57,0,56,0,56,0,56,335,132,90,82,92,94,19,56,40,62,26,60,26,66,22,59,13,57,0,56,7,55,0,56,0,56,0,56,0,56,0,56,0,56
MN31,Lenox Hill-Roosevelt Island,617,215,32,55,12,53,0,53,0,53,0,53,0,53,0,53,0,53,0,53,0,53,8,52,12,55,0,53,0,53,0,53,0,53,0,53,376,184,35,60,0,53,0,53,0,53,0,53,0,53,18,58,0,53,0,53,78,88,23,62,122,152,41,63,12,54,32,64,15,56,163,117,0,53,21,61,0,53,0,53,0,53,14,54,0,53,21,60,62,104,0,53,0,53,0,53,25,57,0,53,20,60,0,53,46,70,0,53,0,53,0,53,0,53,0,53,0,53,0,53,0,53,0,53,0,53,0,53,0,53,28,66,0,53,18,59,0,53
MN32,Yorkville,497,186,36,55,0,50,0,50,0,50,0,50,0,50,12,50,12,51,0,50,0,50,0,50,12,51,0,50,0,50,0,50,0,50,0,50,255,132,0,50,0,50,0,50,0,50,0,50,0,50,0,50,17,54,8,48,0,50,0,50,118,89,49,90,56,72,0,50,7,49,151,104,0,50,0,50,0,50,0,50,0,50,0,50,0,50,16,56,62,84,0,50,15,52,31,70,10,50,17,53,0,50,0,50,55,78,35,76,0,50,0,50,0,50,7,49,0,50,0,50,0,50,13,52,0,50,0,50,0,50,0,50,0,50,0,50,0,50
MN33,East Harlem South,785,216,101,99,0,50,30,69,0,50,49,84,0,50,0,50,0,50,12,52,0,50,10,51,0,50,0,50,0,50,0,50,0,50,0,50,320,138,27,56,74,72,14,51,18,57,0,50,45,71,0,50,29,65,0,50,16,53,0,50,36,72,0,50,0,50,9,49,52,71,246,116,33,71,7,48,0,50,0,50,12,50,43,64,20,51,0,50,41,61,27,54,15,53,0,50,0,50,23,59,25,60,0,50,118,85,68,77,14,52,19,56,0,50,0,50,15,51,0,50,0,50,0,50,0,50,0,50,2,48,0,50,0,50,0,50,0,50
MN34,East Harlem North,679,194,7,48,0,50,0,50,0,50,0,50,0,50,0,50,0,50,0,50,0,50,0,50,0,50,7,48,0,50,0,50,0,50,0,50,283,133,23,51,8,49,14,50,17,48,6,49,87,110,31,66,0,50,0,50,22,53,41,62,0,50,0,50,22,51,12,50,0,50,225,120,13,52,15,52,10,49,30,56,0,50,0,50,0,50,0,50,11,52,13,51,22,57,75,92,0,50,0,50,3,49,33,68,164,80,56,60,30,50,21,51,11,50,22,58,0,50,12,50,0,50,0,50,0,50,0,50,0,50,12,52,0,50,0,50,0,50
MN35,Washington Heights North,783,191,0,52,0,52,0,52,0,52,0,52,0,52,0,52,0,52,0,52,0,52,0,52,0,52,0,52,0,52,0,52,0,52,0,52,328,126,23,62,0,52,12,52,10,52,0,52,21,54,30,60,9,52,26,54,41,81,0,52,94,90,13,52,8,51,14,54,27,53,333,124,26,62,47,64,0,52,14,54,24,53,14,52,21,60,18,53,17,55,13,54,15,54,58,71,11,53,25,55,0,52,30,60,122,81,0,52,0,52,33,70,11,52,13,53,0,52,0,52,0,52,21,57,10,51,0,52,23,53,0,52,0,52,0,52,11,53
MN36,Washington Heights South,1707,292,48,60,13,56,0,56,12,56,0,56,0,56,10,55,0,56,0,56,0,56,0,56,0,56,0,56,13,56,0,56,0,56,0,56,730,197,64,71,48,68,39,75,40,69,43,70,12,61,29,61,96,94,36,66,49,74,50,68,95,81,31,61,12,56,13,59,73,83,656,192,230,119,15,59,58,66,13,56,22,59,69,85,0,56,0,56,12,54,46,69,74,85,51,67,51,69,15,58,0,56,0,56,273,111,86,64,51,81,23,57,13,57,0,56,24,57,19,62,0,56,11,56,11,59,0,56,35,60,0,56,0,56,0,56,0,56
MN40,Upper East Side-Carnegie Hill,208,98,17,53,0,52,0,52,0,52,0,52,0,52,0,52,0,52,12,53,0,52,0,52,0,52,0,52,0,52,0,52,0,52,5,52,76,66,16,56,0,52,0,52,0,52,0,52,0,52,0,52,0,52,0,52,15,56,9,53,0,52,0,52,6,52,0,52,30,59,71,75,0,52,0,52,0,52,0,52,0,52,0,52,0,52,0,52,0,52,15,55,44,71,0,52,0,52,0,52,0,52,12,53,44,61,0,52,0,52,0,52,0,52,0,52,0,52,0,52,0,52,17,57,0,52,14,55,0,52,13,55,0,52,0,52,0,52
MN50,Stuyvesant Town-Cooper Village,109,75,0,22,0,22,0,22,0,22,0,22,0,22,0,22,0,22,0,22,0,22,0,22,0,22,0,22,0,22,0,22,0,22,0,22,24,30,0,22,0,22,0,22,0,22,0,22,0,22,0,22,14,25,0,22,10,21,0,22,0,22,0,22,0,22,0,22,0,22,73,67,0,22,0,22,0,22,0,22,0,22,0,22,0,22,14,25,0,22,0,22,16,30,35,57,0,22,8,18,0,22,0,22,12,22,0,22,0,22,12,22,0,22,0,22,0,22,0,22,0,22,0,22,0,22,0,22,0,22,0,22,0,22,0,22,0,22
MN99,park-cemetery-etc-Manhattan,0,32,0,32,0,32,0,32,0,32,0,32,0,32,0,32,0,32,0,32,0,32,0,32,0,32,0,32,0,32,0,32,0,32,0,32,0,32,0,32,0,32,0,32,0,32,0,32,0,32,0,32,0,32,0,32,0,32,0,32,0,32,0,32,0,32,0,32,0,32,0,32,0,32,0,32,0,32,0,32,0,32,0,32,0,32,0,32,0,32,0,32,0,32,0,32,0,32,0,32,0,32,0,32,0,32,0,32,0,32,0,32,0,32,0,32,0,32,0,32,0,32,0,32,0,32,0,32,0,32,0,32,0,32,0,32,0,32
QN01,South Jamaica,364,106,0,46,0,46,0,46,0,46,0,46,0,46,0,46,0,46,0,46,0,46,0,46,0,46,0,46,0,46,0,46,0,46,0,46,103,66,11,48,0,46,20,48,0,46,19,48,16,52,0,46,0,46,0,46,0,46,18,49,0,46,15,50,0,46,0,46,4,45,214,82,0,46,36,54,6,46,0,46,71,65,0,46,0,46,20,53,0,46,7,46,43,53,11,48,0,46,8,47,12,43,0,46,47,50,9,47,4,45,0,46,0,46,0,46,12,49,0,46,0,46,0,46,5,46,9,47,8,46,0,46,0,46,0,46,0,46
QN02,Springfield Gardens North,59,52,0,31,0,31,0,31,0,31,0,31,0,31,0,31,0,31,0,31,0,31,0,31,0,31,0,31,0,31,0,31,0,31,0,31,26,48,0,31,0,31,0,31,0,31,0,31,0,31,26,48,0,31,0,31,0,31,0,31,0,31,0,31,0,31,0,31,0,31,7,29,0,31,0,31,0,31,0,31,0,31,0,31,0,31,0,31,0,31,0,31,0,31,0,31,7,29,0,31,0,31,0,31,26,38,0,31,12,31,0,31,0,31,0,31,0,31,0,31,0,31,0,31,14,33,0,31,0,31,0,31,0,31,0,31,0,31
QN03,Springfield Gardens South-Brookville,140,84,0,29,0,29,0,29,0,29,0,29,0,29,0,29,0,29,0,29,0,29,0,29,0,29,0,29,0,29,0,29,0,29,0,29,20,43,0,29,0,29,0,29,0,29,0,29,0,29,0,29,0,29,0,29,0,29,0,29,0,29,0,29,0,29,0,29,20,43,45,54,0,29,0,29,0,29,0,29,0,29,0,29,0,29,0,29,0,29,0,29,28,51,0,29,5,28,12,34,0,29,0,29,75,61,0,29,30,52,0,29,0,29,0,29,5,29,0,29,0,29,7,29,0,29,8,29,17,38,8,30,0,29,0,29,0,29
QN05,Rosedale,202,98,5,34,0,35,0,35,0,35,0,35,0,35,0,35,0,35,0,35,0,35,0,35,0,35,0,35,5,34,0,35,0,35,0,35,115,87,0,35,22,46,0,35,28,55,0,35,0,35,0,35,0,35,0,35,0,35,0,35,0,35,26,51,0,35,19,46,20,43,57,46,0,35,0,35,0,35,0,35,0,35,0,35,0,35,0,35,0,35,8,34,14,37,13,38,0,35,11,36,11,35,0,35,25,42,0,35,0,35,0,35,14,40,0,35,0,35,0,35,11,37,0,35,0,35,0,35,0,35,0,35,0,35,0,35,0,35
QN06,Jamaica Estates-Holliswood,408,130,19,39,19,39,0,36,0,36,0,36,0,36,0,36,0,36,0,36,0,36,0,36,0,36,0,36,0,36,0,36,0,36,0,36,85,62,0,36,0,36,40,51,0,36,0,36,0,36,15,43,0,36,0,36,0,36,18,42,12,39,0,36,0,36,0,36,0,36,185,93,13,41,0,36,0,36,15,40,0,36,0,36,0,36,17,43,18,39,0,36,0,36,26,44,41,57,43,57,4,35,8,38,119,80,0,36,0,36,0,36,29,45,0,36,0,36,7,36,26,52,0,36,0,36,0,36,20,44,0,36,0,36,37,58,0,36
QN07,Hollis,301,104,0,36,0,36,0,36,0,36,0,36,0,36,0,36,0,36,0,36,0,36,0,36,0,36,0,36,0,36,0,36,0,36,0,36,107,73,11,38,23,49,0,36,0,36,0,36,0,36,0,36,0,36,0,36,13,39,12,38,42,60,0,36,0,36,0,36,6,35,119,72,0,36,0,36,10,38,0,36,0,36,8,36,0,36,0,36,0,36,8,36,35,48,25,52,12,38,12,39,9,37,0,36,75,55,9,37,0,36,14,40,0,36,19,44,0,36,0,36,0,36,0,36,10,37,0,36,18,37,0,36,0,36,0,36,5,35
QN08,St. Albans,339,104,0,59,0,59,0,59,0,59,0,59,0,59,0,59,0,59,0,59,0,59,0,59,0,59,0,59,0,59,0,59,0,59,0,59,67,65,8,59,0,59,8,59,37,65,0,59,0,59,0,59,0,59,0,59,0,59,14,58,0,59,0,59,0,59,0,59,0,59,134,78,0,59,0,59,10,60,6,58,0,59,0,59,0,59,0,59,0,59,15,59,9,60,53,67,15,60,20,66,6,58,0,59,138,76,0,59,15,59,9,59,10,57,16,62,0,59,0,59,26,60,0,59,0,59,0,59,12,61,16,63,0,59,22,63,12,60
QN10,Breezy Point-Belle Harbor-Rockaway Park-Broad Channel,69,56,0,36,0,36,0,36,0,36,0,36,0,36,0,36,0,36,0,36,0,36,0,36,0,36,0,36,0,36,0,36,0,36,0,36,0,36,0,36,0,36,0,36,0,36,0,36,0,36,0,36,0,36,0,36,0,36,0,36,0,36,0,36,0,36,0,36,0,36,48,53,0,36,0,36,0,36,0,36,0,36,0,36,17,37,0,36,0,36,0,36,0,36,26,53,5,35,0,36,0,36,0,36,21,40,0,36,0,36,8,36,13,39,0,36,0,36,0,36,0,36,0,36,0,36,0,36,0,36,0,36,0,36,0,36,0,36
QN12,Hammels-Arverne-Edgemere,220,97,30,58,0,38,0,38,0,38,0,38,0,38,0,38,0,38,0,38,0,38,30,58,0,38,0,38,0,38,0,38,0,38,0,38,45,47,0,38,0,38,0,38,0,38,9,38,0,38,0,38,0,38,0,38,9,39,17,45,0,38,0,38,0,38,0,38,10,39,107,63,19,48,0,38,0,38,10,39,24,43,0,38,0,38,0,38,0,38,0,38,6,39,23,40,9,39,0,38,16,37,0,38,38,50,0,38,0,38,0,38,6,37,0,38,0,38,0,38,0,38,0,38,32,50,0,38,0,38,0,38,0,38,0,38,0,38
QN15,Far Rockaway-Bayswater,496,149,21,45,11,46,0,46,0,46,0,46,0,46,0,46,0,46,0,46,0,46,0,46,0,46,0,46,10,45,0,46,0,46,0,46,194,100,36,58,0,46,0,46,44,53,36,55,0,46,0,46,0,46,0,46,0,46,46,69,0,46,32,66,0,46,0,46,0,46,179,90,24,51,0,46,12,46,0,46,0,46,0,46,14,48,0,46,0,46,0,46,34,67,16,48,23,58,0,46,28,52,28,51,102,82,48,84,15,48,0,46,15,50,9,46,0,46,15,48,0,46,0,46,0,46,0,46,0,46,0,46,0,46,0,46,0,46
QN17,Forest Hills,851,209,56,72,17,68,0,64,13,64,0,64,0,64,0,64,11,65,0,64,0,64,0,64,0,64,0,64,0,64,15,67,0,64,0,64,263,127,0,64,0,64,0,64,12,65,17,68,0,64,0,64,0,64,0,64,42,79,72,93,19,70,51,73,36,75,14,66,0,64,346,141,0,64,0,64,32,69,0,64,0,64,4,63,19,69,30,72,62,91,61,78,0,64,98,95,0,64,28,73,12,65,0,64,186,103,36,68,0,64,25,74,25,68,45,78,7,63,0,64,6,63,8,64,13,66,0,64,21,71,0,64,0,64,0,64,0,64
QN18,Rego Park,293,103,10,36,0,34,0,34,0,34,0,34,0,34,0,34,0,34,10,36,0,34,0,34,0,34,0,34,0,34,0,34,0,34,0,34,82,62,0,34,0,34,7,34,0,34,0,34,0,34,0,34,11,37,0,34,0,34,0,34,35,52,0,34,0,34,0,34,29,54,177,83,0,34,0,34,8,35,13,38,23,44,0,34,0,34,0,34,0,34,0,34,61,58,23,41,31,48,7,33,0,34,11,36,24,36,0,34,0,34,10,35,7,34,7,34,0,34,0,34,0,34,0,34,0,34,0,34,0,34,0,34,0,34,0,34,0,34
QN19,Glendale,138,70,0,43,0,43,0,43,0,43,0,43,0,43,0,43,0,43,0,43,0,43,0,43,0,43,0,43,0,43,0,43,0,43,0,43,62,56,0,43,0,43,0,43,0,43,0,43,0,43,0,43,7,43,8,44,0,43,10,45,11,45,9,45,0,43,17,50,0,43,70,58,20,47,0,43,8,43,0,43,7,44,16,50,0,43,0,43,0,43,0,43,0,43,12,45,7,43,0,43,0,43,0,43,6,43,6,43,0,43,0,43,0,43,0,43,0,43,0,43,0,43,0,43,0,43,0,43,0,43,0,43,0,43,0,43,0,43
QN20,Ridgewood,440,132,0,56,0,56,0,56,0,56,0,56,0,56,0,56,0,56,0,56,0,56,0,56,0,56,0,56,0,56,0,56,0,56,0,56,281,116,19,61,0,56,0,56,0,56,0,56,11,57,12,58,0,56,27,66,13,57,82,82,74,71,24,66,0,56,0,56,19,61,159,77,7,56,32,64,23,59,14,59,11,55,3,56,0,56,11,58,9,57,0,56,12,59,9,57,10,57,0,56,9,57,9,57,0,56,0,56,0,56,0,56,0,56,0,56,0,56,0,56,0,56,0,56,0,56,0,56,0,56,0,56,0,56,0,56,0,56
QN21,Middle Village,74,71,0,51,0,51,0,51,0,51,0,51,0,51,0,51,0,51,0,51,0,51,0,51,0,51,0,51,0,51,0,51,0,51,0,51,18,53,0,51,0,51,0,51,0,51,0,51,7,52,0,51,0,51,0,51,0,51,0,51,0,51,11,52,0,51,0,51,0,51,45,67,0,51,0,51,0,51,0,51,0,51,0,51,6,51,0,51,4,50,0,51,0,51,8,51,5,50,22,68,0,51,0,51,11,52,0,51,0,51,0,51,0,51,0,51,0,51,0,51,0,51,0,51,0,51,0,51,0,51,11,52,0,51,0,51,0,51
QN22,Flushing,645,187,34,55,0,54,19,54,0,54,0,54,0,54,11,55,4,53,0,54,0,54,0,54,0,54,0,54,0,54,0,54,0,54,0,54,248,126,31,66,16,57,8,54,11,54,0,54,35,75,0,54,0,54,22,63,20,62,27,68,18,59,0,54,24,64,36,76,0,54,281,122,13,55,15,56,23,58,0,54,0,54,0,54,0,54,19,53,0,54,43,79,18,56,73,75,43,69,10,54,24,66,0,54,82,80,8,54,0,54,0,54,13,56,0,54,0,54,34,74,0,54,18,60,0,54,0,54,9,53,0,54,0,54,0,54,0,54
QN23,College Point,86,51,0,34,0,34,0,34,0,34,0,34,0,34,0,34,0,34,0,34,0,34,0,34,0,34,0,34,0,34,0,34,0,34,0,34,53,49,0,34,0,34,0,34,18,41,0,34,10,34,0,34,19,38,0,34,0,34,6,33,0,34,0,34,0,34,0,34,0,34,21,35,0,34,0,34,7,31,0,34,0,34,0,34,14,37,0,34,0,34,0,34,0,34,0,34,0,34,0,34,0,34,0,34,12,32,0,34,0,34,0,34,0,34,0,34,0,34,4,32,0,34,0,34,0,34,8,34,0,34,0,34,0,34,0,34,0,34
QN25,Corona,380,160,0,44,0,44,0,44,0,44,0,44,0,44,0,44,0,44,0,44,0,44,0,44,0,44,0,44,0,44,0,44,0,44,0,44,242,131,0,44,0,44,26,58,0,44,22,54,10,46,0,44,25,59,26,59,24,50,21,53,48,75,40,76,0,44,0,44,0,44,62,66,0,44,0,44,0,44,26,58,0,44,15,49,0,44,0,44,0,44,0,44,10,45,11,46,0,44,0,44,0,44,0,44,76,65,17,49,0,44,0,44,0,44,0,44,0,44,0,44,19,51,0,44,15,47,0,44,0,44,15,46,10,44,0,44,0,44
QN26,North Corona,262,113,7,43,0,45,0,45,0,45,0,45,0,45,7,43,0,45,0,45,0,45,0,45,0,45,0,45,0,45,0,45,0,45,0,45,96,76,12,47,0,45,0,45,0,45,0,45,0,45,0,45,0,45,32,67,15,50,0,45,0,45,26,48,0,45,11,45,0,45,122,83,10,46,0,45,0,45,0,45,0,45,8,44,0,45,0,45,0,45,23,45,24,57,47,69,10,45,0,45,0,45,0,45,37,50,0,45,10,46,0,45,0,45,18,50,0,45,0,45,0,45,0,45,0,45,0,45,9,44,0,45,0,45,0,45,0,45
QN27,East Elmhurst,184,85,5,33,0,34,0,34,0,34,0,34,0,34,0,34,0,34,0,34,0,34,0,34,5,33,0,34,0,34,0,34,0,34,0,34,80,62,0,34,0,34,0,34,0,34,4,33,0,34,0,34,0,34,0,34,29,55,6,34,31,34,0,34,5,33,5,33,0,34,84,61,10,35,0,34,0,34,0,34,0,34,0,34,0,34,0,34,0,34,0,34,21,40,7,34,5,33,0,34,41,56,0,34,15,31,6,33,0,34,0,34,0,34,0,34,0,34,0,34,0,34,0,34,5,33,0,34,4,33,0,34,0,34,0,34,0,34
QN28,Jackson Heights,1059,231,23,67,0,66,0,66,0,66,0,66,10,66,0,66,0,66,0,66,0,66,13,67,0,66,0,66,0,66,0,66,0,66,0,66,323,124,0,66,0,66,21,74,42,72,0,66,27,69,52,79,0,66,27,71,35,74,30,68,18,71,19,71,12,67,0,66,40,76,510,169,25,69,0,66,15,70,48,98,0,66,101,93,16,68,15,69,29,71,49,81,0,66,115,87,19,72,7,66,37,74,34,82,203,108,13,67,62,93,0,66,22,69,30,70,0,66,23,67,0,66,0,66,7,66,10,67,16,69,14,67,0,66,6,66,0,66
QN29,Elmhurst,467,146,5,60,0,60,0,60,0,60,0,60,0,60,0,60,0,60,0,60,0,60,0,60,5,60,0,60,0,60,0,60,0,60,0,60,121,82,0,60,0,60,0,60,0,60,0,60,0,60,0,60,0,60,0,60,23,69,28,67,9,59,45,69,9,60,7,59,0,60,250,115,36,65,24,65,13,61,9,60,6,59,0,60,0,60,11,60,34,71,50,67,60,90,0,60,0,60,0,60,7,59,0,60,91,75,0,60,30,64,13,61,0,60,17,64,0,60,8,60,0,60,0,60,0,60,0,60,23,64,0,60,0,60,0,60,0,60
QN30,Maspeth,92,62,0,45,0,45,0,45,0,45,0,45,0,45,0,45,0,45,0,45,0,45,0,45,0,45,0,45,0,45,0,45,0,45,0,45,61,59,0,45,0,45,0,45,0,45,5,44,25,59,6,44,0,45,0,45,0,45,11,46,5,44,0,45,9,46,0,45,0,45,21,48,0,45,0,45,0,45,0,45,0,45,0,45,15,50,3,44,0,45,3,44,0,45,0,45,0,45,0,45,0,45,0,45,10,46,0,45,0,45,0,45,0,45,0,45,0,45,10,46,0,45,0,45,0,45,0,45,0,45,0,45,0,45,0,45,0,45
QN31,Hunters Point-Sunnyside-West Maspeth,638,154,32,60,0,56,0,56,0,56,0,56,0,56,0,56,0,56,0,56,0,56,8,56,0,56,15,59,9,57,0,56,0,56,0,56,325,119,13,59,18,62,0,56,34,73,24,59,0,56,12,57,13,58,5,56,10,57,98,85,34,66,31,61,19,63,3,56,11,58,205,96,13,58,19,62,0,56,20,59,0,56,0,56,9,57,0,56,0,56,49,73,0,56,0,56,55,65,27,61,0,56,13,59,76,71,0,56,25,62,33,62,0,56,0,56,0,56,0,56,11,58,0,56,0,56,0,56,7,57,0,56,0,56,0,56,0,56
QN33,Cambria Heights,48,45,0,43,0,43,0,43,0,43,0,43,0,43,0,43,0,43,0,43,0,43,0,43,0,43,0,43,0,43,0,43,0,43,0,43,10,42,4,42,0,43,0,43,0,43,0,43,0,43,0,43,6,43,0,43,0,43,0,43,0,43,0,43,0,43,0,43,0,43,9,42,0,43,0,43,0,43,0,43,0,43,0,43,0,43,0,43,5,43,0,43,0,43,0,43,0,43,4,43,0,43,0,43,29,47,0,43,0,43,0,43,0,43,0,43,0,43,0,43,0,43,0,43,0,43,11,46,5,42,0,43,13,46,0,43,0,43
QN34,Queens Village,914,184,43,72,25,66,0,56,0,56,18,64,0,56,0,56,0,56,0,56,0,56,0,56,0,56,0,56,0,56,0,56,0,56,0,56,297,112,12,58,0,56,18,60,0,56,12,58,11,58,0,56,46,73,5,56,26,59,34,63,69,74,11,57,15,57,12,58,26,70,396,123,0,56,14,58,12,55,0,56,18,61,6,56,76,78,0,56,15,60,39,63,42,63,34,57,47,70,10,57,83,77,0,56,178,98,5,56,0,56,0,56,0,56,0,56,9,57,0,56,0,56,27,69,5,56,17,54,39,69,60,78,16,58,0,56,0,56
QN35,Briarwood-Jamaica Hills,664,178,47,73,47,73,0,47,0,47,0,47,0,47,0,47,0,47,0,47,0,47,0,47,0,47,0,47,0,47,0,47,0,47,0,47,328,135,0,47,0,47,26,61,0,47,0,47,0,47,0,47,5,46,7,48,25,54,65,87,94,75,42,51,0,47,64,87,0,47,197,85,15,49,15,50,5,46,0,47,30,58,11,48,0,47,0,47,19,50,9,47,33,57,14,46,46,52,0,47,0,47,0,47,92,64,12,48,0,47,0,47,26,51,0,47,0,47,0,47,15,49,3,45,0,47,22,57,0,47,0,47,0,47,6,46,8,45
QN37,Kew Gardens Hills,398,132,0,40,0,40,0,40,0,40,0,40,0,40,0,40,0,40,0,40,0,40,0,40,0,40,0,40,0,40,0,40,0,40,0,40,94,70,0,40,0,40,0,40,0,40,0,40,0,40,0,40,12,42,0,40,12,43,14,44,11,43,45,61,0,40,0,40,0,40,219,102,0,40,29,60,15,45,26,57,0,40,10,41,0,40,0,40,12,41,9,40,17,46,46,50,41,60,10,42,4,39,0,40,85,63,0,40,0,40,0,40,0,40,0,40,27,58,0,40,6,39,0,40,0,40,0,40,21,44,0,40,21,42,10,41,0,40
QN38,Pomonok-Flushing Heights-Hillcrest,282,123,20,48,0,37,0,37,0,37,20,48,0,37,0,37,0,37,0,37,0,37,0,37,0,37,0,37,0,37,0,37,0,37,0,37,113,88,0,37,0,37,43,70,0,37,0,37,28,56,0,37,0,37,0,37,0,37,15,41,27,43,0,37,0,37,0,37,0,37,87,69,0,37,0,37,0,37,0,37,0,37,0,37,24,53,15,42,0,37,0,37,0,37,39,52,0,37,9,37,0,37,0,37,62,71,13,38,14,40,0,37,0,37,35,65,0,37,0,37,0,37,0,37,0,37,0,37,0,37,0,37,0,37,0,37,0,37
QN41,Fresh Meadows-Utopia,102,66,0,27,0,27,0,27,0,27,0,27,0,27,0,27,0,27,0,27,0,27,0,27,0,27,0,27,0,27,0,27,0,27,0,27,13,27,0,27,0,27,0,27,0,27,0,27,0,27,0,27,0,27,0,27,0,27,0,27,0,27,0,27,0,27,0,27,13,27,89,66,0,27,0,27,0,27,0,27,0,27,0,27,17,35,0,27,17,34,0,27,8,28,23,43,6,26,18,35,0,27,0,27,0,27,0,27,0,27,0,27,0,27,0,27,0,27,0,27,0,27,0,27,0,27,0,27,0,27,0,27,0,27,0,27,0,27
QN42,Oakland Gardens,217,124,0,34,0,34,0,34,0,34,0,34,0,34,0,34,0,34,0,34,0,34,0,34,0,34,0,34,0,34,0,34,0,34,0,34,84,96,0,34,0,34,0,34,0,34,0,34,0,34,0,34,0,34,0,34,0,34,0,34,42,74,42,70,0,34,0,34,0,34,99,78,0,34,0,34,36,65,0,34,0,34,14,39,0,34,0,34,0,34,0,34,0,34,0,34,20,45,29,41,0,34,0,34,34,40,0,34,0,34,0,34,0,34,0,34,0,34,9,33,8,35,0,34,0,34,0,34,0,34,8,38,0,34,0,34,9,33
QN43,Bellerose,150,77,0,34,0,34,0,34,0,34,0,34,0,34,0,34,0,34,0,34,0,34,0,34,0,34,0,34,0,34,0,34,0,34,0,34,41,42,0,34,0,34,0,34,0,34,0,34,0,34,0,34,13,37,0,34,0,34,0,34,4,33,9,35,0,34,15,38,0,34,109,68,0,34,0,34,7,34,0,34,0,34,0,34,5,33,0,34,29,54,13,36,5,33,11,37,14,38,0,34,13,37,12,37,0,34,0,34,0,34,0,34,0,34,0,34,0,34,0,34,0,34,0,34,0,34,0,34,0,34,0,34,0,34,0,34,0,34
QN44,Glen Oaks-Floral Park-New Hyde Park,285,109,0,32,0,32,0,32,0,32,0,32,0,32,0,32,0,32,0,32,0,32,0,32,0,32,0,32,0,32,0,32,0,32,0,32,123,91,25,50,0,32,0,32,0,32,0,32,0,32,52,76,0,32,0,32,0,32,36,53,0,32,0,32,0,32,10,33,0,32,114,73,10,32,0,32,0,32,0,32,10,31,0,32,0,32,0,32,0,32,0,32,12,35,20,32,9,30,43,60,0,32,10,34,48,45,14,35,0,32,0,32,0,32,0,32,0,32,0,32,0,32,0,32,0,32,0,32,0,32,7,32,0,32,12,34,15,36
QN45,Douglas Manor-Douglaston-Little Neck,61,45,0,34,0,34,0,34,0,34,0,34,0,34,0,34,0,34,0,34,0,34,0,34,0,34,0,34,0,34,0,34,0,34,0,34,23,39,0,34,0,34,0,34,0,34,0,34,0,34,0,34,0,34,0,34,0,34,0,34,8,34,0,34,0,34,15,39,0,34,23,38,0,34,0,34,0,34,0,34,0,34,0,34,0,34,0,34,0,34,0,34,0,34,0,34,23,38,0,34,0,34,0,34,15,37,0,34,0,34,0,34,0,34,0,34,0,34,0,34,0,34,0,34,0,34,0,34,0,34,0,34,0,34,0,34,15,37
QN46,Bayside-Bayside Hills,269,121,36,63,0,51,0,51,0,51,16,56,0,51,20,59,0,51,0,51,0,51,0,51,0,51,0,51,0,51,0,51,0,51,0,51,110,86,0,51,7,51,0,51,0,51,33,68,31,69,0,51,8,51,0,51,0,51,0,51,7,51,0,51,24,56,0,51,0,51,101,89,0,51,0,51,0,51,0,51,0,51,18,57,6,51,0,51,0,51,0,51,51,84,0,51,11,52,0,51,7,51,8,51,22,52,0,51,0,51,0,51,0,51,0,51,0,51,0,51,7,50,11,53,0,51,0,51,0,51,0,51,0,51,0,51,4,50
QN47,Ft. Totten-Bay Terrace-Clearview,90,86,0,34,0,34,0,34,0,34,0,34,0,34,0,34,0,34,0,34,0,34,0,34,0,34,0,34,0,34,0,34,0,34,0,34,57,77,0,34,0,34,0,34,0,34,0,34,0,34,0,34,0,34,0,34,0,34,0,34,0,34,0,34,15,37,0,34,42,75,33,49,0,34,0,34,0,34,0,34,0,34,0,34,21,44,0,34,0,34,0,34,0,34,0,34,0,34,0,34,12,36,0,34,0,34,0,34,0,34,0,34,0,34,0,34,0,34,0,34,0,34,0,34,0,34,0,34,0,34,0,34,0,34,0,34,0,34
QN48,Auburndale,94,55,0,32,0,32,0,32,0,32,0,32,0,32,0,32,0,32,0,32,0,32,0,32,0,32,0,32,0,32,0,32,0,32,0,32,32,43,0,32,0,32,0,32,0,32,0,32,0,32,0,32,0,32,0,32,0,32,20,40,12,36,0,32,0,32,0,32,0,32,35,37,0,32,0,32,16,33,0,32,0,32,0,32,0,32,0,32,0,32,0,32,0,32,5,30,0,32,0,32,9,33,5,32,27,41,0,32,0,32,0,32,0,32,12,36,0,32,0,32,0,32,0,32,0,32,0,32,0,32,15,37,0,32,0,32,0,32
QN49,Whitestone,186,102,0,38,0,38,0,38,0,38,0,38,0,38,0,38,0,38,0,38,0,38,0,38,0,38,0,38,0,38,0,38,0,38,0,38,59,64,0,38,0,38,0,38,15,41,13,40,0,38,0,38,0,38,0,38,0,38,0,38,31,61,0,38,0,38,0,38,0,38,70,78,0,38,0,38,0,38,0,38,0,38,2,39,35,65,0,38,0,38,0,38,0,38,0,38,26,56,0,38,0,38,7,38,57,59,11,39,0,38,0,38,0,38,0,38,0,38,0,38,0,38,0,38,0,38,21,49,14,41,0,38,0,38,0,38,11,40
QN50,Elmhurst-Maspeth,99,53,0,34,0,34,0,34,0,34,0,34,0,34,0,34,0,34,0,34,0,34,0,34,0,34,0,34,0,34,0,34,0,34,0,34,57,42,0,34,9,36,0,34,0,34,0,34,0,34,0,34,10,33,0,34,10,33,10,36,0,34,0,34,9,37,9,35,0,34,19,33,0,34,0,34,0,34,0,34,8,34,0,34,0,34,0,34,0,34,0,34,0,34,0,34,11,33,0,34,0,34,0,34,23,39,0,34,0,34,11,36,0,34,12,37,0,34,0,34,0,34,0,34,0,34,0,34,0,34,0,34,0,34,0,34,0,34
QN51,Murray Hill,307,136,0,50,0,50,0,50,0,50,0,50,0,50,0,50,0,50,0,50,0,50,0,50,0,50,0,50,0,50,0,50,0,50,0,50,208,126,15,52,0,50,0,50,0,50,0,50,0,50,40,68,0,50,0,50,21,58,0,50,35,72,57,83,32,66,8,50,0,50,61,63,0,50,0,50,25,52,0,50,0,50,0,50,0,50,0,50,0,50,0,50,0,50,21,58,0,50,0,50,15,51,0,50,38,51,20,51,0,50,0,50,5,49,0,50,0,50,0,50,0,50,0,50,0,50,13,51,0,50,0,50,0,50,0,50,0,50
QN52,East Flushing,177,94,9,42,0,42,0,42,0,42,0,42,0,42,0,42,0,42,0,42,9,42,0,42,0,42,0,42,0,42,0,42,0,42,0,42,32,48,15,44,0,42,0,42,0,42,0,42,0,42,4,40,0,42,0,42,0,42,0,42,13,44,0,42,0,42,0,42,0,42,97,82,0,42,0,42,0,42,0,42,0,42,7,42,0,42,0,42,0,42,35,65,21,50,0,42,26,57,8,43,0,42,0,42,39,53,0,42,0,42,0,42,0,42,15,47,11,43,0,42,0,42,13,47,0,42,0,42,0,42,0,42,0,42,0,42,0,42
QN53,Woodhaven,895,187,78,79,0,54,0,54,0,54,0,54,0,54,0,54,18,59,60,75,0,54,0,54,0,54,0,54,0,54,0,54,0,54,0,54,352,123,13,53,46,75,0,54,0,54,19,55,0,54,9,54,9,55,21,59,19,56,33,59,63,72,62,73,38,62,15,54,5,53,432,129,23,61,0,54,39,69,0,54,27,61,11,55,41,64,28,60,0,54,20,55,92,75,64,68,22,57,40,58,20,58,5,53,33,54,0,54,9,54,5,53,0,54,0,54,18,55,0,54,0,54,0,54,0,54,0,54,0,54,0,54,0,54,1,53,0,54
QN54,Richmond Hill,673,145,11,61,0,60,0,60,0,60,0,60,0,60,0,60,0,60,8,60,0,60,3,59,0,60,0,60,0,60,0,60,0,60,0,60,261,111,0,60,33,69,5,59,23,61,0,60,18,62,14,60,0,60,0,60,62,91,16,60,29,62,32,61,12,59,17,63,0,60,342,102,0,60,15,63,8,60,18,62,6,59,33,65,0,60,21,58,32,70,21,61,54,60,15,61,20,58,37,74,41,61,21,61,59,61,0,60,4,59,0,60,0,60,0,60,21,61,0,60,0,60,0,60,9,60,0,60,3,60,6,59,5,59,3,59,8,59
QN55,South Ozone Park,1258,223,68,98,0,62,0,62,0,62,0,62,23,72,0,62,0,62,0,62,0,62,0,62,45,91,0,62,0,62,0,62,0,62,0,62,382,127,8,61,0,62,0,62,59,78,33,76,0,62,9,63,27,68,48,70,69,80,33,65,27,66,55,67,0,62,14,66,0,62,633,165,2,61,26,65,18,63,9,63,6,62,82,84,26,68,39,68,40,67,29,64,125,113,97,72,25,65,20,65,37,67,52,72,175,78,7,62,14,62,7,61,6,62,17,62,0,62,3,61,7,62,0,62,31,66,49,72,4,62,0,62,5,62,25,63,0,62
QN56,Ozone Park,340,125,11,38,0,36,0,36,0,36,0,36,0,36,0,36,0,36,0,36,0,36,0,36,11,38,0,36,0,36,0,36,0,36,0,36,136,80,20,45,0,36,0,36,0,36,0,36,0,36,0,36,33,46,0,36,0,36,20,36,16,42,47,47,0,36,0,36,0,36,125,65,0,36,0,36,0,36,7,36,26,52,0,36,0,36,0,36,14,33,7,34,0,36,31,45,21,38,0,36,7,36,12,38,68,84,0,36,0,36,0,36,0,36,0,36,0,36,0,36,0,36,0,36,0,36,0,36,0,36,68,84,0,36,0,36,0,36
QN57,Lindenwood-Howard Beach,226,150,0,34,0,34,0,34,0,34,0,34,0,34,0,34,0,34,0,34,0,34,0,34,0,34,0,34,0,34,0,34,0,34,0,34,180,142,0,34,0,34,0,34,14,37,0,34,0,34,0,34,0,34,0,34,0,34,0,34,30,47,46,70,90,115,0,34,0,34,39,48,0,34,0,34,0,34,0,34,0,34,0,34,0,34,0,34,0,34,12,36,0,34,0,34,27,44,0,34,0,34,0,34,7,31,0,34,0,34,0,34,0,34,0,34,0,34,0,34,0,34,0,34,0,34,0,34,0,34,0,34,0,34,7,31,0,34
QN60,Kew Gardens,169,81,0,34,0,34,0,34,0,34,0,34,0,34,0,34,0,34,0,34,0,34,0,34,0,34,0,34,0,34,0,34,0,34,0,34,47,43,0,34,0,34,0,34,0,34,0,34,0,34,0,34,0,34,9,36,0,34,7,34,0,34,13,36,0,34,15,38,3,33,101,67,0,34,26,50,0,34,12,37,0,34,0,34,19,41,22,38,0,34,7,34,0,34,0,34,15,39,0,34,0,34,0,34,21,39,0,34,0,34,0,34,0,34,0,34,0,34,0,34,11,37,0,34,10,37,0,34,0,34,0,34,0,34,0,34,0,34
QN61,Jamaica,833,175,54,72,0,51,0,51,0,51,0,51,0,51,54,72,0,51,0,51,0,51,0,51,0,51,0,51,0,51,0,51,0,51,0,51,357,122,23,51,15,52,0,51,0,51,34,53,56,72,22,61,27,58,15,54,40,70,15,54,50,63,0,51,11,52,25,61,24,55,266,86,19,52,22,50,0,51,6,50,11,53,8,51,58,64,4,50,11,50,24,50,48,55,15,51,29,52,11,53,0,51,0,51,156,88,31,55,0,51,9,51,11,48,9,50,7,49,11,52,0,51,1,50,0,51,7,49,31,60,0,51,0,51,0,51,39,78
QN62,Queensboro Hill,102,64,0,29,0,29,0,29,0,29,0,29,0,29,0,29,0,29,0,29,0,29,0,29,0,29,0,29,0,29,0,29,0,29,0,29,62,60,0,29,0,29,31,56,0,29,0,29,0,29,0,29,0,29,0,29,13,33,9,31,0,29,9,30,0,29,0,29,0,29,40,31,0,29,0,29,0,29,0,29,0,29,0,29,0,29,0,29,8,30,11,33,8,30,8,29,0,29,0,29,0,29,5,26,0,29,0,29,0,29,0,29,0,29,0,29,0,29,0,29,0,29,0,29,0,29,0,29,0,29,0,29,0,29,0,29,0,29
QN63,Woodside,314,128,19,55,0,50,0,50,0,50,0,50,0,50,19,55,0,50,0,50,0,50,0,50,0,50,0,50,0,50,0,50,0,50,0,50,118,88,0,50,14,53,0,50,0,50,0,50,0,50,0,50,0,50,9,50,0,50,60,79,7,50,0,50,20,57,0,50,8,52,130,74,29,58,0,50,21,50,18,56,0,50,12,50,0,50,0,50,26,54,5,49,0,50,0,50,19,51,0,50,0,50,0,50,47,77,0,50,0,50,39,77,0,50,0,50,0,50,0,50,0,50,8,50,0,50,0,50,0,50,0,50,0,50,0,50,0,50
QN66,Laurelton,101,47,0,40,0,40,0,40,0,40,0,40,0,40,0,40,0,40,0,40,0,40,0,40,0,40,0,40,0,40,0,40,0,40,0,40,16,41,0,40,0,40,0,40,0,40,0,40,4,39,0,40,0,40,0,40,0,40,0,40,0,40,12,42,0,40,0,40,0,40,67,41,16,40,0,40,0,40,0,40,0,40,0,40,0,40,0,40,8,40,0,40,8,40,4,38,16,42,0,40,10,36,5,39,18,40,0,40,0,40,5,39,0,40,0,40,0,40,0,40,0,40,0,40,0,40,0,40,13,41,0,40,0,40,0,40,0,40
QN68,Queensbridge-Ravenswood-Long Island City,137,74,0,38,0,38,0,38,0,38,0,38,0,38,0,38,0,38,0,38,0,38,0,38,0,38,0,38,0,38,0,38,0,38,0,38,49,58,31,55,0,38,0,38,0,38,0,38,0,38,4,37,0,38,14,43,0,38,0,38,0,38,0,38,0,38,0,38,0,38,62,52,0,38,0,38,8,38,12,41,0,38,2,36,0,38,0,38,0,38,21,45,12,41,0,38,7,37,0,38,0,38,0,38,26,40,0,38,0,38,16,42,5,37,0,38,0,38,5,37,0,38,0,38,0,38,0,38,0,38,0,38,0,38,0,38,0,38
QN70,Astoria,622,152,66,73,34,65,0,60,9,61,0,60,0,60,0,60,0,60,0,60,0,60,0,60,23,67,0,60,0,60,0,60,0,60,0,60,311,118,8,60,16,61,12,63,12,61,12,61,0,60,21,62,9,60,15,61,13,61,37,76,48,68,54,80,19,62,20,66,15,62,183,90,22,59,27,65,19,61,0,60,0,60,16,61,0,60,21,68,16,63,18,63,15,64,9,60,20,67,0,60,0,60,0,60,62,70,11,61,0,60,10,62,0,60,10,61,0,60,0,60,0,60,13,62,6,60,12,62,0,60,0,60,0,60,0,60,0,60
QN71,Old Astoria,244,95,15,39,15,39,0,34,0,34,0,34,0,34,0,34,0,34,0,34,0,34,0,34,0,34,0,34,0,34,0,34,0,34,0,34,109,65,10,36,0,34,9,34,18,43,0,34,0,34,13,39,0,34,0,34,0,34,18,36,12,37,16,42,0,34,13,37,0,34,89,61,13,38,0,34,0,34,0,34,0,34,0,34,0,34,0,34,24,47,0,34,9,34,13,34,5,36,16,40,0,34,9,35,31,43,0,34,7,34,0,34,0,34,0,34,0,34,0,34,0,34,0,34,0,34,24,41,0,34,0,34,0,34,0,34,0,34
QN72,Steinway,302,120,28,56,0,51,10,52,10,53,0,51,0,51,0,51,0,51,8,51,0,51,0,51,0,51,0,51,0,51,0,51,0,51,0,51,193,110,0,51,0,51,0,51,0,51,0,51,39,78,8,51,0,51,0,51,15,53,0,51,50,66,20,59,0,51,41,70,20,58,65,62,0,51,0,51,0,51,0,51,3,52,13,54,0,51,0,51,14,55,9,52,0,51,13,51,0,51,5,50,8,52,0,51,16,51,0,51,0,51,6,50,0,51,0,51,0,51,0,51,0,51,0,51,0,51,0,51,0,51,10,52,0,51,0,51,0,51
QN76,Baisley Park,227,74,0,48,0,48,0,48,0,48,0,48,0,48,0,48,0,48,0,48,0,48,0,48,0,48,0,48,0,48,0,48,0,48,0,48,47,56,0,48,24,55,0,48,0,48,6,47,0,48,0,48,0,48,0,48,17,49,0,48,0,48,0,48,0,48,0,48,0,48,120,57,0,48,6,47,4,47,5,47,0,48,0,48,19,51,13,50,4,47,11,46,10,49,14,49,14,47,13,50,0,48,7,46,60,51,0,48,0,48,0,48,0,48,0,48,11,47,0,48,0,48,0,48,14,50,0,48,10,46,0,48,0,48,0,48,25,50
QN98,Airport,0,17,0,17,0,17,0,17,0,17,0,17,0,17,0,17,0,17,0,17,0,17,0,17,0,17,0,17,0,17,0,17,0,17,0,17,0,17,0,17,0,17,0,17,0,17,0,17,0,17,0,17,0,17,0,17,0,17,0,17,0,17,0,17,0,17,0,17,0,17,0,17,0,17,0,17,0,17,0,17,0,17,0,17,0,17,0,17,0,17,0,17,0,17,0,17,0,17,0,17,0,17,0,17,0,17,0,17,0,17,0,17,0,17,0,17,0,17,0,17,0,17,0,17,0,17,0,17,0,17,0,17,0,17,0,17,0,17
QN99,park-cemetery-etc-Queens,10,49,0,48,0,48,0,48,0,48,0,48,0,48,0,48,0,48,0,48,0,48,0,48,0,48,0,48,0,48,0,48,0,48,0,48,10,49,0,48,0,48,0,48,0,48,0,48,0,48,0,48,0,48,0,48,0,48,0,48,0,48,10,49,0,48,0,48,0,48,0,48,0,48,0,48,0,48,0,48,0,48,0,48,0,48,0,48,0,48,0,48,0,48,0,48,0,48,0,48,0,48,0,48,0,48,0,48,0,48,0,48,0,48,0,48,0,48,0,48,0,48,0,48,0,48,0,48,0,48,0,48,0,48,0,48,0,48
SI01,Annadale-Huguenot-Prince's Bay-Eltingville,73,72,32,59,0,34,0,34,0,34,0,34,0,34,0,34,32,59,0,34,0,34,0,34,0,34,0,34,0,34,0,34,0,34,0,34,0,34,0,34,0,34,0,34,0,34,0,34,0,34,0,34,0,34,0,34,0,34,0,34,0,34,0,34,0,34,0,34,0,34,41,54,0,34,0,34,0,34,0,34,0,34,0,34,0,34,0,34,0,34,0,34,22,45,0,34,19,45,0,34,0,34,0,34,0,34,0,34,0,34,0,34,0,34,0,34,0,34,0,34,0,34,0,34,0,34,0,34,0,34,0,34,0,34,0,34,0,34
SI05,New Springville-Bloomfield-Travis,65,57,0,43,0,43,0,43,0,43,0,43,0,43,0,43,0,43,0,43,0,43,0,43,0,43,0,43,0,43,0,43,0,43,0,43,27,49,0,43,0,43,0,43,0,43,0,43,0,43,0,43,0,43,0,43,17,50,0,43,8,43,2,42,0,43,0,43,0,43,30,49,0,43,8,44,0,43,0,43,0,43,0,43,0,43,0,43,0,43,0,43,0,43,14,48,8,43,0,43,0,43,0,43,8,44,0,43,0,43,0,43,0,43,0,43,0,43,0,43,0,43,0,43,0,43,0,43,0,43,8,44,0,43,0,43,0,43
SI07,Westerleigh,120,65,0,36,0,36,0,36,0,36,0,36,0,36,0,36,0,36,0,36,0,36,0,36,0,36,0,36,0,36,0,36,0,36,0,36,41,46,0,36,10,38,0,36,0,36,0,36,0,36,0,36,0,36,0,36,5,36,0,36,17,43,9,37,0,36,0,36,0,36,38,41,0,36,0,36,0,36,0,36,0,36,0,36,0,36,0,36,11,38,0,36,10,38,11,37,0,36,0,36,6,36,0,36,41,48,0,36,0,36,23,47,0,36,5,35,0,36,0,36,0,36,0,36,0,36,0,36,13,39,0,36,0,36,0,36,0,36
SI08,Grymes Hill-Clifton-Fox Hills,169,90,0,28,0,28,0,28,0,28,0,28,0,28,0,28,0,28,0,28,0,28,0,28,0,28,0,28,0,28,0,28,0,28,0,28,54,48,0,28,7,28,0,28,0,28,24,43,0,28,0,28,0,28,0,28,8,29,0,28,0,28,0,28,7,28,8,29,0,28,107,79,0,28,0,28,0,28,18,37,0,28,0,28,0,28,26,50,0,28,0,28,0,28,63,64,0,28,0,28,0,28,0,28,8,31,0,28,0,28,0,28,0,28,0,28,0,28,0,28,0,28,0,28,0,28,8,31,0,28,0,28,0,28,0,28,0,28
SI11,Charleston-Richmond Valley-Tottenville,120,76,10,31,0,32,0,32,0,32,0,32,0,32,0,32,10,31,0,32,0,32,0,32,0,32,0,32,0,32,0,32,0,32,0,32,14,35,0,32,14,35,0,32,0,32,0,32,0,32,0,32,0,32,0,32,0,32,0,32,0,32,0,32,0,32,0,32,0,32,65,70,0,32,0,32,0,32,0,32,0,32,0,32,0,32,0,32,59,71,0,32,0,32,0,32,0,32,0,32,6,29,0,32,31,35,0,32,0,32,0,32,13,34,0,32,0,32,0,32,0,32,0,32,0,32,0,32,0,32,0,32,0,32,0,32,18,33
SI12,Mariner's Harbor-Arlington-Port Ivory-Graniteville,389,147,0,38,0,38,0,38,0,38,0,38,0,38,0,38,0,38,0,38,0,38,0,38,0,38,0,38,0,38,0,38,0,38,0,38,207,113,65,72,0,38,0,38,0,38,0,38,12,41,0,38,0,38,0,38,12,42,0,38,9,36,9,37,56,79,44,58,0,38,161,94,12,41,20,48,0,38,0,38,0,38,0,38,0,38,0,38,0,38,0,38,13,39,72,76,44,54,0,38,0,38,0,38,21,36,3,36,0,38,0,38,12,39,6,37,0,38,0,38,0,38,0,38,0,38,0,38,0,38,0,38,0,38,0,38,0,38
SI14,Grasmere-Arrochar-Ft. Wadsworth,21,34,0,27,0,27,0,27,0,27,0,27,0,27,0,27,0,27,0,27,0,27,0,27,0,27,0,27,0,27,0,27,0,27,0,27,21,34,0,27,0,27,0,27,0,27,0,27,0,27,8,29,0,27,0,27,0,27,0,27,0,27,13,32,0,27,0,27,0,27,0,27,0,27,0,27,0,27,0,27,0,27,0,27,0,27,0,27,0,27,0,27,0,27,0,27,0,27,0,27,0,27,0,27,0,27,0,27,0,27,0,27,0,27,0,27,0,27,0,27,0,27,0,27,0,27,0,27,0,27,0,27,0,27,0,27,0,27
SI22,West New Brighton-New Brighton-St. George,374,137,0,40,0,40,0,40,0,40,0,40,0,40,0,40,0,40,0,40,0,40,0,40,0,40,0,40,0,40,0,40,0,40,0,40,121,85,6,39,43,74,0,40,11,42,0,40,0,40,0,40,30,45,0,40,0,40,0,40,0,40,0,40,0,40,31,51,0,40,178,93,27,52,0,40,0,40,9,40,14,40,0,40,0,40,0,40,24,54,0,40,0,40,60,71,30,53,14,44,0,40,0,40,75,59,0,40,17,47,0,40,0,40,18,42,19,49,9,40,8,40,0,40,0,40,0,40,0,40,0,40,4,38,0,40,0,40
SI24,Todt Hill-Emerson Hill-Heartland Village-Lighthouse Hill,118,89,0,38,0,38,0,38,0,38,0,38,0,38,0,38,0,38,0,38,0,38,0,38,0,38,0,38,0,38,0,38,0,38,0,38,80,86,46,78,0,38,0,38,0,38,0,38,0,38,0,38,0,38,0,38,0,38,0,38,0,38,19,41,15,42,0,38,0,38,33,40,0,38,0,38,0,38,0,38,12,40,0,38,0,38,0,38,0,38,3,36,0,38,0,38,0,38,0,38,14,40,4,37,5,37,0,38,0,38,0,38,0,38,0,38,0,38,0,38,0,38,0,38,0,38,0,38,5,37,0,38,0,38,0,38,0,38
SI25,Oakwood-Oakwood Beach,61,58,0,32,0,32,0,32,0,32,0,32,0,32,0,32,0,32,0,32,0,32,0,32,0,32,0,32,0,32,0,32,0,32,0,32,43,50,0,32,0,32,0,32,20,45,0,32,0,32,0,32,0,32,0,32,0,32,0,32,0,32,0,32,23,39,0,32,0,32,18,39,0,32,0,32,0,32,0,32,0,32,0,32,0,32,0,32,0,32,0,32,0,32,0,32,0,32,0,32,18,39,0,32,0,32,0,32,0,32,0,32,0,32,0,32,0,32,0,32,0,32,0,32,0,32,0,32,0,32,0,32,0,32,0,32,0,32
SI28,Port Richmond,115,82,0,32,0,32,0,32,0,32,0,32,0,32,0,32,0,32,0,32,0,32,0,32,0,32,0,32,0,32,0,32,0,32,0,32,81,78,16,37,0,32,0,32,0,32,14,34,0,32,0,32,0,32,0,32,0,32,0,32,0,32,0,32,0,32,40,61,11,35,21,33,0,32,0,32,0,32,0,32,0,32,0,32,0,32,0,32,0,32,11,32,0,32,6,31,0,32,0,32,0,32,4,28,13,33,0,32,0,32,0,32,0,32,0,32,0,32,13,33,0,32,0,32,0,32,0,32,0,32,0,32,0,32,0,32,0,32
SI32,Rossville-Woodrow,42,42,0,29,0,29,0,29,0,29,0,29,0,29,0,29,0,29,0,29,0,29,0,29,0,29,0,29,0,29,0,29,0,29,0,29,0,29,0,29,0,29,0,29,0,29,0,29,0,29,0,29,0,29,0,29,0,29,0,29,0,29,0,29,0,29,0,29,0,29,24,35,0,29,0,29,0,29,0,29,0,29,0,29,0,29,0,29,0,29,0,29,0,29,0,29,0,29,0,29,24,35,0,29,18,37,0,29,0,29,0,29,0,29,18,37,0,29,0,29,0,29,0,29,0,29,0,29,0,29,0,29,0,29,0,29,0,29
SI35,New Brighton-Silver Lake,110,68,0,27,0,27,0,27,0,27,0,27,0,27,0,27,0,27,0,27,0,27,0,27,0,27,0,27,0,27,0,27,0,27,0,27,68,55,20,38,0,27,0,27,0,27,0,27,20,38,0,27,0,27,0,27,0,27,0,27,19,36,9,28,0,27,0,27,0,27,21,31,0,27,0,27,0,27,0,27,0,27,0,27,0,27,0,27,12,31,0,27,0,27,9,27,0,27,0,27,0,27,0,27,21,42,0,27,0,27,0,27,0,27,0,27,0,27,0,27,0,27,0,27,21,42,0,27,0,27,0,27,0,27,0,27,0,27
SI36,Old Town-Dongan Hills-South Beach,142,79,0,32,0,32,0,32,0,32,0,32,0,32,0,32,0,32,0,32,0,32,0,32,0,32,0,32,0,32,0,32,0,32,0,32,89,63,42,55,9,33,0,32,7,33,0,32,0,32,0,32,0,32,0,32,0,32,16,37,0,32,15,37,0,32,0,32,0,32,53,51,12,38,0,32,0,32,0,32,17,40,0,32,0,32,0,32,0,32,0,32,14,36,0,32,0,32,0,32,0,32,10,33,0,32,0,32,0,32,0,32,0,32,0,32,0,32,0,32,0,32,0,32,0,32,0,32,0,32,0,32,0,32,0,32,0,32
SI37,Stapleton-Rosebank,213,96,0,38,0,38,0,38,0,38,0,38,0,38,0,38,0,38,0,38,0,38,0,38,0,38,0,38,0,38,0,38,0,38,0,38,35,55,0,38,0,38,0,38,0,38,0,38,0,38,0,38,0,38,0,38,0,38,26,55,0,38,9,39,0,38,0,38,0,38,125,79,34,58,17,43,0,38,21,50,0,38,0,38,14,41,11,40,0,38,0,38,0,38,11,40,0,38,0,38,8,38,9,39,53,43,0,38,10,39,3,36,0,38,0,38,0,38,0,38,0,38,0,38,4,37,5,37,0,38,17,42,0,38,3,37,11,39
SI45,New Dorp-Midland Beach,82,77,0,29,0,29,0,29,0,29,0,29,0,29,0,29,0,29,0,29,0,29,0,29,0,29,0,29,0,29,0,29,0,29,0,29,55,66,0,29,0,29,0,29,0,29,0,29,0,29,0,29,0,29,0,29,0,29,0,29,9,32,0,29,0,29,46,62,0,29,27,50,0,29,0,29,0,29,0,29,0,29,0,29,0,29,27,50,0,29,0,29,0,29,0,29,0,29,0,29,0,29,0,29,0,29,0,29,0,29,0,29,0,29,0,29,0,29,0,29,0,29,0,29,0,29,0,29,0,29,0,29,0,29,0,29,0,29
SI48,Arden Heights,12,33,0,29,0,29,0,29,0,29,0,29,0,29,0,29,0,29,0,29,0,29,0,29,0,29,0,29,0,29,0,29,0,29,0,29,0,29,0,29,0,29,0,29,0,29,0,29,0,29,0,29,0,29,0,29,0,29,0,29,0,29,0,29,0,29,0,29,0,29,0,29,0,29,0,29,0,29,0,29,0,29,0,29,0,29,0,29,0,29,0,29,0,29,0,29,0,29,0,29,0,29,0,29,12,33,0,29,0,29,0,29,0,29,0,29,0,29,0,29,0,29,0,29,0,29,12,33,0,29,0,29,0,29,0,29,0,29
SI54,Great Kills,68,60,0,42,0,42,0,42,0,42,0,42,0,42,0,42,0,42,0,42,0,42,0,42,0,42,0,42,0,42,0,42,0,42,0,42,32,44,0,42,0,42,0,42,0,42,0,42,0,42,0,42,0,42,0,42,0,42,14,43,0,42,0,42,0,42,7,42,11,42,15,45,0,42,0,42,0,42,0,42,0,42,0,42,0,42,0,42,0,42,0,42,15,45,0,42,0,42,0,42,0,42,0,42,21,52,0,42,0,42,0,42,0,42,0,42,0,42,0,42,0,42,0,42,21,52,0,42,0,42,0,42,0,42,0,42,0,42
SI99,park-cemetery-etc-Staten Island,0,17,0,17,0,17,0,17,0,17,0,17,0,17,0,17,0,17,0,17,0,17,0,17,0,17,0,17,0,17,0,17,0,17,0,17,0,17,0,17,0,17,0,17,0,17,0,17,0,17,0,17,0,17,0,17,0,17,0,17,0,17,0,17,0,17,0,17,0,17,0,17,0,17,0,17,0,17,0,17,0,17,0,17,0,17,0,17,0,17,0,17,0,17,0,17,0,17,0,17,0,17,0,17,0,17,0,17,0,17,0,17,0,17,0,17,0,17,0,17,0,17,0,17,0,17,0,17,0,17,0,17,0,17,0,17,0,17
