area_id,area_name,b25056001,b25056001_moe,b25056002,b25056002_moe,b25056003,b25056003_moe,b25056004,b25056004_moe,b25056005,b25056005_moe,b25056006,b25056006_moe,b25056007,b25056007_moe,b25056008,b25056008_moe,b25056009,b25056009_moe,b25056010,b25056010_moe,b25056011,b25056011_moe,b25056012,b25056012_moe,b25056013,b25056013_moe,b25056014,b25056014_moe,b25056015,b25056015_moe,b25056016,b25056016_moe,b25056017,b25056017_moe,b25056018,b25056018_moe,b25056019,b25056019_moe,b25056020,b25056020_moe,b25056021,b25056021_moe,b25056022,b25056022_moe,b25056023,b25056023_moe,b25056024,b25056024_moe
BK09,Brooklyn Heights-Cobble Hill,6389,393,6218,388,0,29,14,34,8,29,77,80,53,71,59,46,30,42,8,30,0,29,57,46,131,74,105,75,133,95,153,99,36,41,168,104,185,100,471,182,741,176,1575,277,2214,264,171,98
BK17,Sheepshead Bay-Gerritsen Beach-Manhattan Beach,12387,499,11899,493,40,64,39,63,287,144,584,189,221,109,225,111,216,106,109,89,291,119,612,186,431,150,497,160,284,103,368,131,335,121,1007,232,1022,224,2666,352,1542,278,886,231,237,118,488,165
BK19,Brighton Beach,9717,388,9374,383,0,38,186,89,785,189,228,115,326,118,62,46,56,53,179,97,206,89,231,98,202,107,199,111,197,83,512,167,277,101,751,177,1185,246,2166,311,1095,239,441,144,90,77,343,144
BK21,Seagate-Coney Island,9359,314,9162,310,26,42,61,69,268,111,1447,259,456,131,513,153,421,148,371,145,499,161,608,178,263,108,373,136,187,100,363,139,198,101,557,170,346,128,709,168,643,176,728,200,125,89,197,125
BK23,West Brighton,4982,323,4940,322,0,27,0,27,20,31,136,91,47,68,130,87,65,63,67,47,35,32,237,123,186,95,259,102,247,112,385,133,125,65,628,165,556,160,1097,263,488,172,149,78,83,56,42,42
BK25,Homecrest,9148,407,8731,412,54,83,74,65,125,66,39,53,88,67,59,56,28,54,214,108,145,96,171,98,123,81,384,128,247,96,336,105,106,65,870,194,980,190,2448,294,1430,240,687,179,123,71,417,138
BK26,Gravesend,7063,382,6710,374,11,36,136,112,307,135,288,99,196,110,202,121,257,129,199,112,152,85,233,136,192,95,385,148,195,95,352,152,157,97,718,212,618,174,1119,226,765,198,228,102,0,36,353,133
BK27,Bath Beach,6253,335,5903,332,57,100,65,62,22,43,20,43,154,74,125,107,28,44,130,91,107,72,207,93,27,41,91,71,219,90,231,94,325,146,603,162,718,190,1322,226,970,215,390,121,92,63,350,136
BK28,Bensonhurst West,19185,553,18362,559,34,73,143,84,164,85,126,93,219,110,171,95,65,71,205,106,155,95,439,141,375,132,716,194,662,173,657,164,615,163,1929,282,2110,282,5712,443,2459,315,1254,231,152,103,823,202
BK29,Bensonhurst East,13862,481,13091,487,33,62,102,62,166,76,75,58,142,70,112,75,171,94,141,88,207,108,414,140,191,96,362,127,489,156,521,152,306,111,1729,263,1835,274,3865,376,1479,239,610,167,141,84,771,182
BK30,Dyker Heights,7903,361,7488,359,21,52,0,51,26,54,6,49,60,86,0,51,26,52,140,85,35,58,211,95,32,57,182,99,141,93,241,110,228,113,656,143,988,198,2102,279,1307,226,894,187,192,107,415,129
BK31,Bay Ridge,22586,572,22098,577,28,72,23,64,151,89,328,121,145,93,269,113,81,73,112,82,132,97,346,123,114,76,347,116,411,125,578,163,439,129,1459,234,2228,298,6676,473,4000,377,3337,371,894,202,488,138
BK32,Sunset Park West,13046,412,12740,420,56,64,65,72,292,104,103,71,117,74,101,81,151,98,286,120,262,117,495,158,171,109,386,133,445,141,501,165,270,106,866,195,799,196,2955,335,2540,306,1466,231,413,134,306,118
BK33,Carroll Gardens-Columbia Street-Red Hook,12960,472,12748,470,30,65,85,91,190,96,721,178,393,161,269,136,130,94,226,108,144,99,290,128,356,151,481,152,242,127,220,111,162,89,373,138,522,179,858,201,969,205,2756,327,3331,356,212,128
BK34,Sunset Park East,16347,431,15874,442,33,72,220,124,290,112,205,107,172,93,223,111,122,73,265,112,279,127,458,147,300,115,573,152,451,154,636,166,246,101,1521,261,1806,280,3816,371,2347,302,1746,284,165,97,473,141
BK35,Stuyvesant Heights,18752,557,18245,567,52,66,295,114,668,160,808,192,461,160,499,163,358,132,518,169,434,142,526,153,613,184,799,190,461,153,789,198,618,181,1442,287,1401,266,3416,377,2439,336,1380,267,268,115,507,157
BK37,Park Slope-Gowanus,19026,673,18567,665,48,68,53,77,109,83,113,85,84,92,137,84,91,87,116,85,56,77,231,106,198,115,161,104,208,98,431,173,84,69,663,181,836,203,1636,281,2331,328,4656,446,6325,517,459,167
BK38,DUMBO-Vinegar Hill-Downtown Brooklyn-Boerum Hill,11410,359,11235,359,24,47,76,64,251,104,1086,190,468,142,274,93,286,113,351,124,219,99,393,129,336,141,426,144,190,98,144,75,275,128,290,113,290,106,578,144,637,155,1515,218,3126,296,175,94
BK40,Windsor Terrace,5223,326,4954,333,0,32,89,103,92,57,57,55,79,61,0,32,15,35,11,34,11,31,168,94,28,37,87,53,67,49,81,62,120,93,338,146,240,99,925,198,663,174,1153,215,730,168,269,154
BK41,Kensington-Ocean Parkway,8596,397,8412,389,32,54,70,51,88,76,94,69,59,56,55,50,27,41,100,83,17,46,199,120,46,43,255,116,261,119,376,122,93,64,867,220,699,171,2055,289,1754,279,942,197,323,131,184,96
BK42,Flatbush,30897,551,30099,572,152,112,257,120,332,126,482,152,134,89,280,125,120,90,186,109,180,103,530,155,283,130,930,218,705,177,1394,264,1161,231,3398,407,3878,426,9373,652,3848,459,2079,310,397,156,798,224
BK43,Midwood,11994,412,11599,410,7,51,205,80,430,122,103,70,106,66,99,69,71,68,91,63,85,65,209,107,135,75,257,100,136,75,508,146,243,87,948,189,1370,245,3568,354,1623,259,1247,228,158,73,395,143
BK44,Madison,8226,335,7881,329,0,46,263,117,46,49,75,61,209,82,57,66,16,47,23,50,69,55,162,81,76,66,237,101,234,107,215,87,178,83,913,180,988,190,2126,268,1212,212,601,165,181,84,345,122
BK45,Georgetown-Marine Park-Bergen Beach-Mill Basin,4288,372,3925,358,0,55,8,55,6,54,27,61,18,56,10,56,10,56,18,57,13,57,116,84,10,55,64,63,86,67,89,79,45,64,257,111,286,117,1102,233,836,199,730,189,194,126,363,135
BK46,Ocean Parkway South,3710,270,3443,268,21,39,10,38,39,42,29,40,24,36,47,43,27,40,9,37,22,42,79,55,15,33,59,49,78,49,113,59,58,60,281,88,203,80,977,173,645,164,520,138,187,95,267,102
BK50,Canarsie,14114,543,13827,540,11,71,97,89,160,101,503,140,205,111,222,105,161,98,112,88,249,118,403,134,281,123,425,140,240,106,328,119,377,139,832,190,1002,203,3483,390,3167,366,1517,250,52,79,287,114
BK58,Flatlands,9408,456,9129,455,0,62,43,78,55,73,350,125,66,80,172,101,66,81,130,88,156,108,214,105,170,98,393,138,139,90,374,135,343,142,637,163,1085,214,2299,294,1559,250,731,174,147,88,279,117
BK60,Prospect Lefferts Gardens-Wingate,21760,505,21306,517,73,73,78,72,112,83,315,124,248,110,129,95,99,80,141,84,178,115,334,143,464,173,684,195,596,181,1052,248,1277,276,3384,403,3097,394,4980,464,2846,382,976,222,243,124,454,176
BK61,Crown Heights North,34777,680,33906,698,279,127,564,164,1159,246,1199,227,743,189,822,201,694,192,806,204,564,176,1024,231,991,227,1406,285,1123,235,1347,264,1295,256,3061,380,3185,389,6455,545,3330,377,3109,364,750,166,871,217
BK63,Crown Heights South,12459,338,12250,352,103,81,49,63,116,82,362,140,170,88,196,110,74,61,97,85,118,65,344,126,173,93,329,121,632,170,561,156,501,172,1562,269,1641,284,2846,335,1407,253,621,179,348,111,209,107
BK64,Prospect Heights,6316,353,6189,357,33,39,38,52,36,47,79,67,33,38,0,32,7,31,63,74,9,33,94,85,145,100,156,102,77,60,221,100,80,50,295,136,339,153,689,173,805,213,1550,268,1440,267,127,100
BK68,Fort Greene,9029,378,8867,383,49,59,52,75,253,107,546,156,381,140,315,123,147,82,191,91,242,97,317,112,92,62,355,134,130,105,296,101,82,70,319,121,329,122,1029,197,610,159,1629,260,1503,230,162,97
BK69,Clinton Hill,9919,432,9597,437,37,50,16,42,96,64,146,88,75,67,153,77,63,67,114,81,139,89,88,50,129,76,312,114,201,107,443,135,137,79,721,179,648,164,1207,218,1197,211,2208,274,1467,228,322,129
BK72,Williamsburg,7152,255,7016,261,111,79,247,106,247,110,833,194,364,123,387,131,268,118,221,104,167,109,336,131,59,50,311,132,229,114,294,95,177,116,212,95,195,85,771,163,916,179,572,128,99,51,136,72
BK73,North Side-South Side,16306,451,15914,460,68,74,321,127,551,159,573,168,300,123,272,110,355,134,411,142,232,101,544,156,324,130,722,209,274,110,546,147,187,78,828,199,533,161,1280,241,1318,237,2643,360,3632,354,392,143
BK75,Bedford,19441,507,19078,516,243,97,294,111,617,143,964,193,348,115,472,145,434,137,578,159,394,141,605,155,638,173,570,148,810,192,992,196,565,166,1343,235,974,201,3357,383,2136,302,2126,282,618,159,363,141
BK76,Greenpoint,12265,434,12027,442,42,60,17,50,144,76,40,48,42,50,164,90,20,42,156,82,49,49,123,81,124,78,409,142,292,136,376,124,243,111,804,199,687,174,2059,293,1796,262,3107,342,1333,232,238,112
BK77,Bushwick North,16944,406,16622,420,115,88,125,84,279,120,147,73,69,69,120,78,162,93,248,110,155,89,441,148,281,121,555,156,575,173,516,160,315,123,1487,256,1625,267,4081,406,2809,346,1959,270,558,148,322,129
BK78,Bushwick South,20074,549,19760,550,124,89,92,78,725,165,902,215,348,139,645,181,472,158,496,154,373,133,760,203,362,130,796,203,437,147,881,210,617,184,1355,262,1203,249,2901,356,3018,375,2450,322,803,181,314,129
BK79,Ocean Hill,9098,383,8991,386,34,47,112,79,344,106,325,113,182,93,168,90,205,98,123,77,78,68,333,137,205,93,366,130,307,116,415,147,352,120,728,181,1143,231,1707,265,1545,263,301,112,18,46,107,79
BK81,Brownsville,17134,426,16959,434,197,106,171,92,790,187,1695,297,858,222,938,237,715,224,811,223,563,170,823,220,735,222,866,197,395,152,742,189,474,144,1151,230,1211,235,1977,280,1112,221,685,183,50,66,175,115
BK82,East New York,23511,581,23119,589,156,109,214,123,598,174,1409,238,537,160,588,160,387,140,937,214,530,159,706,181,546,154,1250,228,535,165,896,204,794,196,2244,318,1530,275,4607,449,2853,353,1702,283,100,90,392,146
BK83,Cypress Hills-City Line,9266,436,9039,434,17,53,163,99,119,85,31,59,66,65,48,61,148,90,117,88,57,69,214,110,42,57,191,92,215,94,202,90,251,107,485,140,877,202,2565,306,2171,300,1049,206,11,50,227,114
BK85,East New York (Pennsylvania Ave),7667,311,7418,322,109,79,76,68,359,121,400,130,199,88,178,85,124,66,170,88,179,82,196,89,371,138,309,120,116,69,315,127,246,106,461,139,611,161,1605,248,926,208,468,134,0,36,249,102
BK88,Borough Park,19643,567,18874,573,97,100,185,96,413,143,192,105,243,101,343,134,117,79,245,107,206,113,588,169,234,117,462,147,428,140,850,192,404,135,1605,257,1415,241,4543,400,2987,344,2671,327,646,160,769,167
BK90,East Williamsburg,12492,372,12352,374,16,41,73,76,197,88,637,160,149,75,176,95,262,108,131,81,201,99,284,104,384,154,365,131,426,154,627,165,539,157,705,166,790,187,1420,256,1212,236,2065,285,1693,244,140,79
BK91,East Flatbush-Farragut,9945,415,9573,414,37,60,0,54,19,55,80,76,75,74,0,54,29,58,44,60,60,71,90,67,67,60,264,127,218,103,565,162,278,107,1354,234,1602,277,3031,343,1339,242,375,140,46,67,372,135
BK93,Starrett City,6263,165,6196,177,0,24,17,32,281,130,573,187,569,212,604,205,115,81,190,111,149,104,66,47,43,40,176,108,55,56,47,51,119,104,223,125,416,167,1597,345,604,258,340,158,12,25,67,60
BK95,Erasmus,8023,343,7886,339,0,36,53,69,10,38,96,75,51,58,39,43,119,72,105,74,152,97,107,62,126,70,242,95,217,88,543,171,242,98,1085,212,1189,226,2341,296,754,182,371,125,44,58,137,73
BK96,Rugby-Remsen Village,14055,483,13630,487,63,79,117,87,181,105,140,92,64,76,29,57,75,79,243,112,137,100,216,114,186,97,351,133,203,96,640,166,301,123,1383,268,2437,323,4102,401,1984,297,778,191,0,54,425,137
BK99,park-cemetery-etc-Brooklyn,143,76,143,76,0,40,0,40,0,40,0,40,0,40,0,40,0,40,11,40,0,40,0,40,0,40,0,40,0,40,0,40,0,40,0,40,24,47,8,40,20,49,50,60,30,49,0,40
BX01,Claremont-Bathgate,9320,227,9187,234,42,48,334,153,676,185,707,180,373,136,445,162,294,126,499,200,320,138,449,143,417,138,398,130,335,127,224,92,316,111,846,184,718,192,1038,186,546,144,202,88,8,41,133,74
BX03,Eastchester-Edenwald-Baychester,7439,372,7394,373,47,81,28,48,138,120,386,160,64,64,43,55,119,102,197,121,82,68,280,134,255,119,369,161,120,96,357,151,219,106,736,224,560,192,1271,291,1148,279,975,237,0,40,45,61
BX05,Bedford Park-Fordham North,17291,354,16962,365,158,102,321,144,595,178,272,129,247,121,362,158,89,73,223,124,238,122,229,115,163,98,379,143,624,186,949,216,495,157,2208,350,2424,330,3994,429,2200,337,784,207,8,48,329,149
BX06,Belmont,7934,263,7769,271,50,52,280,129,345,124,314,129,187,102,144,81,188,120,182,93,93,73,144,83,105,66,203,107,189,89,307,130,322,119,1179,244,895,196,1548,247,640,173,383,134,71,58,165,91
BX07,Bronxdale,11850,348,11565,361,64,60,125,79,464,148,470,154,224,87,243,119,321,135,257,110,271,153,218,101,262,123,475,132,317,120,434,146,442,149,1239,226,1543,279,2786,352,922,216,462,157,26,56,285,148
BX08,West Farms-Bronx River,9870,351,9558,351,93,90,131,81,123,85,425,137,178,101,305,124,155,91,257,135,239,125,324,131,155,94,214,110,153,74,338,135,388,150,1112,241,1179,267,1952,283,1136,237,689,196,12,42,312,116
BX09,Soundview-Castle Hill-Clason Point-Harding Park,13589,410,13495,408,102,89,82,63,502,155,951,214,555,165,624,189,413,164,592,169,417,155,460,161,701,212,627,190,533,212,781,202,846,232,1266,266,986,213,1502,267,1072,248,468,142,15,53,94,63
BX10,Pelham Bay-Country Club-City Island,6600,465,6318,455,11,37,0,34,118,88,105,68,67,70,28,42,68,74,70,57,50,67,46,46,103,80,245,133,104,63,318,135,168,98,628,196,690,195,1580,287,1163,259,756,238,0,34,282,154
BX13,Co-op City,9313,626,9199,625,106,88,13,32,426,250,381,166,54,58,170,106,10,33,22,45,83,70,192,106,156,95,451,177,616,234,821,249,295,170,1255,315,1299,350,1250,293,1002,252,584,212,13,35,114,68
BX14,East Concourse-Concourse Village,19022,417,18596,432,209,110,404,156,474,140,1070,226,382,140,309,131,346,145,298,138,227,117,437,154,555,186,511,187,606,198,962,240,894,223,2209,340,2536,375,4015,451,1409,294,680,206,63,75,426,155
BX17,East Tremont,13214,331,12959,340,255,119,474,170,572,153,766,194,393,150,362,149,407,146,633,202,367,133,306,125,271,103,422,144,402,121,833,173,409,130,1223,235,943,213,1844,291,1318,259,746,205,13,48,255,120
BX22,North Riverdale-Fieldston-Riverdale,5378,356,5185,369,11,40,33,39,35,40,39,47,39,46,22,47,0,38,46,48,105,83,34,47,26,45,125,99,58,50,44,39,139,81,323,112,344,125,1248,254,863,186,1039,202,612,166,193,109
BX26,Highbridge,12106,278,11731,301,117,85,343,124,339,117,412,133,413,155,242,103,280,118,170,98,170,80,228,100,350,142,649,182,669,185,702,181,806,207,1648,276,1383,259,1664,271,791,192,345,146,10,41,375,151
BX27,Hunts Point,8405,221,8185,240,221,106,456,127,543,137,192,73,344,118,448,139,290,113,117,68,115,77,304,106,179,81,297,112,317,118,485,140,326,121,735,171,679,164,1192,198,635,158,303,110,7,38,220,114
BX28,Van Cortlandt Village,14811,385,14289,401,121,94,65,65,200,96,242,101,113,85,113,71,149,82,170,114,55,64,214,103,182,88,549,183,400,135,548,161,821,197,2228,320,1976,289,3903,418,1617,281,529,171,94,76,522,182
BX29,Spuyten Duyvil-Kingsbridge,8130,342,7975,343,28,47,0,38,155,96,168,99,9,37,57,58,131,80,126,80,195,118,170,79,22,38,134,74,86,63,238,106,174,82,720,178,448,123,1918,269,1277,230,1321,230,598,146,155,90
BX30,Kingsbridge Heights,9059,271,8812,290,64,70,251,121,281,112,284,120,65,64,218,116,139,91,145,84,27,42,174,94,83,56,368,146,336,164,665,202,544,173,1000,241,1287,264,1665,274,726,199,331,144,159,93,247,132
BX31,Allerton-Pelham Gardens,3918,298,3754,292,7,42,0,42,74,89,140,80,0,42,54,69,62,65,145,92,151,93,76,64,121,75,84,63,71,61,171,108,89,72,225,88,288,120,673,160,451,131,762,177,110,73,164,75
BX33,Longwood,7668,266,7378,273,183,96,285,109,402,109,350,121,181,88,306,115,168,81,212,97,242,115,295,127,337,127,189,94,314,116,414,136,272,95,557,131,535,139,1057,193,662,181,407,143,10,36,290,122
BX34,Melrose South-Mott Haven North,11691,313,11651,313,113,80,266,138,766,189,1255,232,328,119,397,153,226,116,476,173,337,136,698,180,455,165,665,191,336,142,665,173,389,127,827,198,921,222,1414,272,743,199,374,143,0,42,40,59
BX35,Morrisania-Melrose,11333,298,11153,302,52,46,165,90,481,138,996,227,304,113,309,105,401,143,405,154,273,112,237,103,465,153,653,173,355,145,652,174,515,134,1113,228,1049,211,1302,237,911,189,505,150,10,39,180,79
BX36,University Heights-Morris Heights,16757,368,16521,372,413,160,421,154,488,147,717,180,481,147,461,152,491,152,542,176,433,146,431,153,641,188,590,165,480,157,742,204,686,176,1837,275,1930,302,2731,335,1612,280,379,138,15,53,236,109
BX37,Van Nest-Morris Park-Westchester Square,6701,317,6569,320,39,57,73,63,50,50,29,45,36,48,32,57,19,43,62,62,25,48,155,93,103,68,196,92,45,54,267,100,308,97,851,170,819,179,1757,256,911,185,714,184,78,62,132,72
BX39,Mott Haven-Port Morris,16668,307,16473,310,69,67,318,137,1076,212,2157,291,938,203,1067,217,733,175,742,177,605,146,545,147,620,183,716,174,635,181,805,186,569,153,1173,220,1033,213,1319,231,952,193,349,117,52,55,195,101
BX40,Fordham South,8107,236,7931,260,156,116,162,101,224,128,312,124,207,116,95,75,136,94,122,82,103,67,130,83,159,89,107,79,123,83,460,158,344,119,1142,253,1013,227,1600,295,820,203,506,176,10,33,176,103
BX41,Mount Hope,16033,306,15666,325,143,82,307,119,523,150,473,148,230,97,315,123,122,71,308,114,279,107,323,116,388,123,623,166,578,144,872,178,812,193,1983,277,2220,294,3030,333,1556,261,552,152,29,56,367,134
BX43,Norwood,13330,302,12902,324,28,50,152,100,239,118,78,65,132,88,18,42,122,96,23,44,105,60,159,92,180,94,416,139,358,148,584,191,637,226,1691,304,3030,358,2810,386,1541,273,561,186,38,50,428,149
BX44,Williamsbridge-Olinville,13994,452,13636,448,79,66,172,104,205,91,266,102,111,70,146,84,148,86,286,135,100,73,310,114,148,79,392,140,413,129,674,184,516,153,1344,236,2097,289,2859,315,2073,289,1255,219,42,65,358,132
BX46,Parkchester,9830,417,9786,418,53,59,48,55,47,56,103,85,67,67,30,44,29,54,143,92,15,39,89,95,57,48,170,102,134,84,301,162,231,116,1252,283,2111,345,3342,421,1111,247,425,171,28,44,44,56
BX49,Pelham Parkway,8407,311,8153,321,0,38,31,43,98,68,41,57,123,108,28,42,22,43,165,115,82,75,62,69,42,48,261,116,213,104,124,68,306,105,670,179,1353,261,2691,326,1237,235,538,174,66,55,254,124
BX52,Schuylerville-Throgs Neck-Edgewater Park,8297,483,8032,480,28,64,65,79,109,110,364,122,98,73,136,102,81,71,297,127,196,111,87,80,86,79,235,116,185,104,235,123,103,81,624,171,637,178,1468,279,1265,273,1470,305,263,129,265,113
BX55,Soundview-Bruckner,9590,335,9388,343,43,53,200,95,171,84,544,159,330,118,207,91,131,86,72,61,171,85,280,113,247,97,364,133,247,105,496,141,331,119,932,203,1286,235,1763,282,749,185,800,177,24,44,202,96
BX59,Westchester-Unionport,6576,307,6385,305,0,36,23,42,66,58,71,52,65,50,78,76,93,78,63,75,103,66,119,75,86,70,145,78,97,70,263,116,164,94,583,186,694,180,1786,265,1272,225,603,162,11,43,191,97
BX62,Woodlawn-Wakefield,8006,419,7755,422,0,48,52,61,51,60,68,71,50,63,42,63,67,67,41,57,70,82,111,73,47,64,245,111,178,92,343,128,254,109,959,206,914,196,1804,252,1242,234,1076,220,141,97,251,109
BX63,West Concourse,12424,260,12294,268,100,75,215,97,385,122,228,105,204,103,170,111,35,49,177,113,120,85,251,129,411,163,634,195,600,178,785,223,807,207,1644,299,1753,316,2515,342,1019,240,196,114,45,65,130,82
BX75,Crotona Park East,6145,218,6062,219,178,117,201,90,450,134,421,159,289,128,128,82,89,64,205,93,196,93,261,111,237,110,319,116,277,118,284,103,245,116,575,149,426,130,713,151,316,118,252,102,0,29,83,65
BX98,Rikers Island,0,17,0,17,0,17,0,17,0,17,0,17,0,17,0,17,0,17,0,17,0,17,0,17,0,17,0,17,0,17,0,17,0,17,0,17,0,17,0,17,0,17,0,17,0,17,0,17
BX99,park-cemetery-etc-Bronx,345,63,345,63,0,32,0,32,4,30,6,31,0,32,0,32,0,32,0,32,0,32,6,31,0,32,6,31,9,33,23,46,19,35,17,34,66,48,101,51,88,56,0,32,0,32,0,32
MN01,Marble Hill-Inwood,16712,337,16373,355,84,86,183,111,181,92,699,170,149,80,355,149,273,146,278,121,312,148,530,171,451,150,757,181,471,161,1002,264,684,202,1551,304,1777,325,3448,437,1893,323,1087,261,208,108,339,163
MN03,Central Harlem North-Polo Grounds,29158,627,28694,636,89,75,319,125,1185,256,2077,329,1107,262,950,241,955,254,1219,264,908,223,993,224,947,253,1758,314,946,240,1585,282,1441,286,2346,335,2015,356,3472,432,2014,316,1653,283,715,211,464,172
MN04,Hamilton Heights,16278,473,15829,487,180,98,264,133,481,178,467,144,262,159,617,193,286,133,262,128,267,130,455,188,472,177,574,177,683,232,952,223,490,162,1025,240,1383,290,2967,424,1357,282,1644,302,741,205,449,182
MN06,Manhattanville,7891,233,7630,258,27,42,210,89,468,129,284,124,192,102,275,127,301,120,308,125,335,126,277,137,251,122,447,154,270,122,441,148,202,91,527,152,440,141,924,195,659,155,502,165,290,106,261,119
MN09,Morningside Heights,16527,456,16071,475,29,50,24,49,495,193,380,213,322,147,214,99,333,148,395,156,308,173,259,121,265,131,536,210,375,122,291,132,597,247,662,188,709,199,1619,301,1964,323,2630,333,3664,408,456,164
MN11,Central Harlem South,15422,450,15206,447,174,94,386,151,548,140,782,174,416,144,433,143,340,116,496,162,275,112,550,170,646,182,707,175,718,199,716,189,605,163,839,198,776,199,1785,282,993,231,1405,223,1616,232,216,101
MN12,Upper West Side,47971,1038,47039,1050,60,87,322,188,601,227,1107,318,831,206,475,192,704,252,688,209,311,139,983,299,822,246,725,195,1042,254,1501,318,1152,258,1886,328,1691,340,4804,561,3527,465,8829,733,14978,842,932,266
MN13,Hudson Yards-Chelsea-Flat Iron-Union Square,27628,832,27232,826,22,56,60,68,213,116,666,175,314,131,296,121,385,177,375,150,325,131,798,201,594,179,570,177,589,184,527,157,802,223,947,223,962,262,1770,355,1330,278,4161,522,11526,701,396,157
MN14,Lincoln Square,19990,815,19434,797,29,55,53,57,233,135,197,118,282,140,337,213,220,127,410,200,104,102,316,171,228,144,253,142,248,124,290,127,350,160,516,165,616,202,1438,289,1167,348,2396,417,9751,703,556,227
MN15,Clinton,21416,685,20928,694,83,82,12,44,271,115,655,190,358,159,309,144,210,125,488,172,251,105,517,172,230,114,439,156,534,162,563,194,206,111,588,189,634,190,2113,424,1302,285,3994,512,7171,605,488,197
MN17,Midtown-Midtown South,12376,481,12067,483,0,51,109,86,196,91,386,125,165,98,70,68,65,70,56,57,208,117,216,108,210,89,408,155,256,105,155,78,74,63,163,91,120,73,413,151,799,198,1355,248,6643,461,309,148
MN19,Turtle Bay-East Midtown,17133,726,16696,725,0,48,0,48,42,58,22,51,13,50,14,50,27,63,83,83,32,69,50,54,20,50,127,71,45,53,201,117,117,124,319,131,275,115,1077,256,1333,261,3781,460,9118,672,437,145
MN20,Murray Hill-Kips Bay,18618,778,18366,773,65,94,0,42,149,104,276,233,207,112,163,113,121,100,105,103,36,48,239,135,150,111,525,264,192,96,150,85,155,98,368,126,698,223,1411,314,1017,258,3002,411,9337,685,252,124
MN21,Gramercy,9796,477,9581,482,0,34,28,42,167,138,116,84,185,127,16,39,17,40,17,40,59,59,51,54,105,85,28,53,104,90,26,38,185,116,229,98,248,126,926,242,807,218,1957,316,4310,449,215,117
MN22,East Village,19370,537,19102,535,100,80,63,72,244,118,223,109,212,88,260,130,353,134,423,149,557,205,263,130,308,129,418,141,478,155,558,186,352,158,507,162,660,202,1922,340,1363,273,4322,501,5516,530,268,126
MN23,West Village,25546,789,24693,789,56,69,65,116,81,89,99,90,139,104,211,113,160,133,133,87,110,75,188,103,244,118,359,145,298,130,399,150,308,129,842,225,997,243,1666,291,1661,304,4120,473,12557,700,853,253
MN24,SoHo-TriBeCa-Civic Center-Little Italy,13766,518,13595,516,115,69,206,119,323,145,124,92,131,96,281,154,288,127,160,72,323,133,361,135,417,152,204,113,234,94,308,116,154,96,563,160,469,170,769,207,936,248,1487,276,5742,460,171,84
MN25,Battery Park City-Lower Manhattan,15189,610,14781,600,218,261,14,43,41,56,14,44,13,43,15,44,47,52,89,93,146,85,179,112,97,68,387,159,74,81,348,151,133,99,86,73,86,74,123,97,321,167,611,195,11739,619,408,209
MN27,Chinatown,16740,431,16504,436,233,106,300,129,189,77,786,190,515,169,599,182,431,143,418,146,436,136,535,170,373,123,846,207,501,159,844,221,785,192,1724,296,796,201,1794,320,799,213,1632,294,1968,292,236,107
MN28,Lower East Side,25659,496,25460,500,83,74,216,94,1457,293,2622,373,1444,295,1466,293,756,202,1103,229,553,152,688,198,1301,271,1410,252,799,212,981,245,789,214,1511,293,1217,264,1812,321,951,260,1495,268,2806,331,199,120
MN31,Lenox Hill-Roosevelt Island,32376,1006,31538,1020,22,61,44,54,23,61,393,247,12,54,175,105,36,64,53,69,130,104,260,134,367,189,375,180,329,127,363,154,386,177,785,239,850,231,2705,489,3536,485,7938,714,12756,831,838,305
MN32,Yorkville,32152,887,31706,895,102,85,191,220,223,124,466,144,130,96,301,144,350,174,94,72,331,180,320,171,412,226,526,288,241,119,245,106,214,110,850,265,687,200,2299,422,2797,457,8771,763,12156,842,446,204
MN33,East Harlem South,21267,426,21145,434,106,79,179,90,586,175,1711,283,891,225,515,168,373,138,649,191,593,209,955,245,614,172,1016,238,648,177,677,222,756,211,1345,261,1330,287,2559,365,1707,280,1593,261,2342,292,122,92
MN34,East Harlem North,20757,453,20611,456,115,86,504,194,1149,231,2188,321,818,201,1006,250,749,224,754,184,553,184,669,193,866,223,1229,262,742,235,765,209,756,213,1210,245,1413,300,1819,294,1111,250,1443,279,752,206,146,79
MN35,Washington Heights North,22349,433,21878,452,103,97,153,96,333,135,136,91,181,104,230,129,361,154,222,128,186,94,346,141,653,184,799,217,946,218,1184,259,1034,232,2078,330,2217,343,4722,482,2859,367,2296,310,839,187,471,192
MN36,Washington Heights South,27038,478,26417,502,39,58,318,122,839,200,791,220,552,167,592,173,422,164,482,183,809,212,598,170,754,202,1147,268,1294,273,1060,243,1160,245,2288,360,2268,377,4132,439,3245,397,2779,391,848,203,621,204
MN40,Upper East Side-Carnegie Hill,12091,606,11208,585,55,79,48,70,47,65,27,57,26,59,0,52,48,61,15,55,111,94,134,88,99,85,80,77,150,90,118,91,15,55,217,127,221,116,819,219,985,211,3264,389,4729,445,883,223
MN50,Stuyvesant Town-Cooper Village,10432,244,10421,246,0,22,0,22,0,22,0,22,14,26,13,24,16,30,0,22,0,22,30,36,13,23,16,28,44,45,64,54,14,26,48,49,179,128,1118,256,1939,321,3077,455,3836,458,11,27
MN99,park-cemetery-etc-Manhattan,0,32,0,32,0,32,0,32,0,32,0,32,0,32,0,32,0,32,0,32,0,32,0,32,0,32,0,32,0,32,0,32,0,32,0,32,0,32,0,32,0,32,0,32,0,32,0,32
QN01,South Jamaica,6438,359,6311,357,67,58,33,51,417,152,294,109,229,115,156,103,120,95,131,81,136,98,62,64,211,102,192,115,177,92,360,135,231,109,242,97,291,118,953,226,1112,232,844,191,53,57,127,73
QN02,Springfield Gardens North,6865,390,6780,390,0,31,41,71,100,91,25,34,0,31,34,60,0,31,59,71,0,31,40,52,236,144,214,153,311,185,466,178,479,248,889,261,952,240,1420,349,886,298,462,191,166,119,85,75
QN03,Springfield Gardens South-Brookville,1773,231,1705,228,0,29,10,29,0,29,16,36,0,29,0,29,0,29,0,29,18,39,0,29,0,29,0,29,0,29,13,33,17,38,0,29,52,52,173,77,533,145,836,195,37,40,68,56
QN05,Rosedale,2448,289,2433,290,0,35,0,35,0,35,0,35,0,35,0,35,0,35,0,35,0,35,25,40,0,35,11,37,0,35,78,93,0,35,88,88,138,92,512,164,436,156,992,225,153,97,15,36
QN06,Jamaica Estates-Holliswood,4067,303,3994,305,0,36,15,38,0,36,5,35,57,67,10,38,0,36,0,36,16,40,27,43,17,42,28,51,122,90,97,70,149,84,373,145,371,126,1231,216,793,162,580,187,103,79,73,49
QN07,Hollis,2668,240,2604,243,0,36,32,60,19,39,67,57,0,36,0,36,11,39,19,35,19,40,56,63,0,36,100,84,31,39,112,67,146,99,214,100,289,131,842,172,313,129,275,111,59,61,64,56
QN08,St. Albans,3904,343,3740,337,36,73,9,59,33,62,36,63,9,59,39,65,51,77,35,78,56,68,179,97,93,89,140,115,48,66,136,99,78,69,268,98,262,108,913,188,806,180,452,148,61,71,164,79
QN10,Breezy Point-Belle Harbor-Rockaway Park-Broad Channel,4069,342,3833,328,47,71,0,36,28,46,33,60,40,47,43,51,13,33,15,40,12,39,83,59,0,36,133,72,59,69,184,110,110,85,269,113,467,158,1001,208,572,190,614,177,110,76,236,121
QN12,Hammels-Arverne-Edgemere,8286,387,8233,387,92,91,110,100,50,61,560,161,443,160,155,96,154,97,399,148,406,154,392,155,399,151,644,174,211,93,541,158,220,118,550,164,498,160,1126,216,549,157,586,169,148,89,53,59
QN15,Far Rockaway-Bayswater,11949,469,11769,467,29,51,185,113,515,166,1041,211,297,145,290,138,194,107,192,104,277,132,115,67,266,128,106,67,331,146,261,129,242,126,863,240,1116,266,2698,374,1747,305,821,214,183,104,180,96
QN17,Forest Hills,20281,659,19381,666,7,63,39,72,54,74,118,91,113,83,83,77,0,64,38,67,137,121,250,116,99,80,266,124,331,126,596,173,382,152,1135,232,1194,243,3943,445,3892,451,4526,477,2178,334,900,219
QN18,Rego Park,7282,366,7112,361,9,35,10,36,13,38,19,38,0,34,45,55,0,34,11,32,18,34,89,56,12,34,216,137,187,90,84,53,137,81,304,116,468,134,1980,271,2168,297,1047,220,295,139,170,79
QN19,Glendale,6127,360,5863,362,33,67,10,45,0,43,19,47,10,44,16,45,30,54,5,43,17,46,174,101,21,43,157,87,62,55,98,64,57,59,562,151,425,125,1814,248,1551,253,736,189,66,56,264,109
QN20,Ridgewood,18769,494,18247,511,54,74,60,79,13,57,48,66,31,57,32,68,45,62,207,92,55,64,247,107,129,83,417,137,458,136,610,162,360,136,1343,229,2086,289,6685,481,3919,424,1374,256,74,72,522,160
QN21,Middle Village,6124,383,5655,370,24,55,4,50,4,50,13,50,7,51,0,51,0,51,39,65,74,80,69,65,26,53,141,97,38,57,100,87,61,59,461,135,548,158,1609,240,1281,240,986,205,170,92,469,136
QN22,Flushing,18511,608,17945,602,0,54,0,54,364,129,200,100,165,91,231,128,329,155,326,155,113,74,435,198,271,138,253,112,221,105,700,187,384,138,1131,248,1294,276,4584,531,3342,430,3154,440,448,139,566,156
QN23,College Point,4124,338,3974,329,8,32,0,34,0,34,11,34,9,35,0,34,45,62,20,36,0,34,69,65,16,34,91,78,115,90,67,56,59,62,133,87,288,138,984,223,1033,216,867,209,159,102,150,100
QN25,Corona,12668,449,12476,462,0,44,25,49,376,130,73,68,136,102,129,92,105,106,66,70,41,56,155,89,123,90,218,105,220,151,264,118,257,127,713,207,1243,268,2960,401,2608,391,2613,403,151,94,192,130
QN26,North Corona,9410,394,9179,396,8,46,15,49,47,68,8,44,9,44,120,85,32,47,101,80,75,72,202,101,86,58,213,95,75,65,236,106,66,68,646,169,520,151,2322,317,1823,295,2143,309,432,156,231,102
QN27,East Elmhurst,3432,265,3261,257,0,34,13,33,49,63,0,34,0,34,51,56,0,34,19,37,22,38,99,77,12,35,88,56,19,38,42,49,62,55,344,123,155,72,692,153,586,151,858,172,150,76,171,81
QN28,Jackson Heights,22809,707,22236,711,0,66,35,67,125,97,80,78,54,75,141,121,206,125,122,91,149,96,332,139,225,123,452,174,447,154,887,233,779,222,1568,304,2194,382,6446,614,4176,485,2920,422,898,233,573,173
QN29,Elmhurst,20859,523,20392,533,0,60,13,61,38,71,89,85,54,74,47,65,76,79,84,70,117,90,231,104,94,89,306,130,295,128,594,176,366,135,1367,261,2042,320,6188,529,4187,450,3469,425,735,225,467,150
QN30,Maspeth,5172,345,5005,346,0,45,10,43,3,44,29,58,0,45,0,45,20,47,40,51,41,63,80,80,47,59,98,71,56,58,183,94,102,69,371,127,428,136,1441,212,1359,233,631,149,66,65,167,69
QN31,Hunters Point-Sunnyside-West Maspeth,21262,533,21014,535,0,56,25,67,90,86,155,98,64,77,174,112,151,102,122,99,126,76,249,116,286,137,387,156,272,118,510,178,528,184,1376,261,1765,308,4518,460,4546,455,3244,401,2426,261,248,102
QN33,Cambria Heights,1028,175,988,175,0,43,0,43,0,43,0,43,0,43,25,58,0,43,11,45,11,45,46,56,5,43,46,51,62,67,16,48,0,43,95,72,109,74,160,79,183,89,156,68,63,64,40,48
QN34,Queens Village,5287,371,4971,371,0,56,0,56,22,66,18,62,0,56,19,59,21,58,33,72,38,79,0,56,10,59,162,89,77,78,223,107,107,83,512,158,596,179,1216,231,1028,211,719,176,170,93,316,120
QN35,Briarwood-Jamaica Hills,7918,441,7787,434,26,51,10,47,20,46,0,47,28,52,0,47,24,47,46,64,33,67,104,79,116,92,85,67,128,97,243,115,191,117,399,167,737,200,2175,321,1908,306,1249,255,265,127,131,81
QN37,Kew Gardens Hills,6426,397,6114,394,17,45,0,40,46,68,0,40,0,40,9,41,51,79,58,79,34,52,19,41,123,83,126,73,107,78,140,88,192,87,636,173,494,163,1565,263,1274,270,838,204,385,175,312,137
QN38,Pomonok-Flushing Heights-Hillcrest,6505,372,6438,369,33,68,63,72,68,86,475,175,101,78,88,77,112,90,94,87,236,141,187,120,94,77,295,136,0,37,455,226,231,127,468,173,437,146,1360,296,698,217,756,218,187,107,67,50
QN41,Fresh Meadows-Utopia,3876,225,3825,226,0,27,0,27,0,27,0,27,0,27,0,27,0,27,7,26,0,27,13,29,94,103,31,41,0,27,7,26,27,37,38,49,161,95,458,198,1379,282,1329,276,281,121,51,40
QN42,Oakland Gardens,3087,315,2854,313,0,34,17,42,15,40,11,35,0,34,0,34,0,34,15,38,12,36,113,58,62,68,52,50,59,69,30,43,63,50,193,104,216,95,419,170,511,164,899,234,167,93,233,101
QN43,Bellerose,2255,285,2113,283,0,34,10,36,37,49,4,32,9,35,13,36,0,34,0,34,0,34,0,34,70,57,0,34,97,77,100,88,0,34,109,92,137,111,478,174,530,173,450,145,69,58,142,75
QN44,Glen Oaks-Floral Park-New Hyde Park,2099,303,2025,298,0,32,0,32,0,32,14,35,0,32,0,32,10,32,0,32,41,47,32,46,27,38,136,93,72,59,36,39,45,43,91,77,95,73,534,182,415,171,260,105,217,117,74,49
QN45,Douglas Manor-Douglaston-Little Neck,2108,286,2044,285,0,34,0,34,0,34,0,34,0,34,0,34,0,34,0,34,0,34,0,34,0,34,44,55,9,35,55,51,61,57,99,69,83,67,282,123,450,152,519,183,442,176,64,52
QN46,Bayside-Bayside Hills,5204,358,4945,355,0,51,0,51,0,51,0,51,0,51,0,51,0,51,15,52,0,51,9,51,20,53,73,72,31,58,154,101,74,77,403,127,247,104,999,222,827,180,1553,233,540,166,259,90
QN47,Ft. Totten-Bay Terrace-Clearview,3192,418,2949,411,0,34,0,34,16,39,41,73,29,45,44,48,0,34,0,34,10,34,69,89,62,89,67,76,93,106,31,40,0,34,89,64,54,50,287,146,483,188,1064,324,510,182,243,126
QN48,Auburndale,2399,265,2243,269,0,32,0,32,0,32,8,32,0,32,0,32,4,30,26,43,11,34,32,47,8,32,29,48,0,32,58,49,42,52,94,68,68,61,449,144,498,149,841,198,75,63,156,71
QN49,Whitestone,3494,386,3286,377,0,38,45,68,0,38,0,38,5,37,0,38,0,38,29,58,0,38,13,40,37,68,8,39,0,38,22,40,12,39,122,88,78,64,534,175,891,232,1089,240,401,164,208,103
QN50,Elmhurst-Maspeth,4839,293,4767,297,0,34,0,34,0,34,0,34,0,34,0,34,14,39,19,44,0,34,56,54,55,43,34,45,22,36,81,68,22,36,190,84,372,126,1467,239,1225,225,1083,229,127,76,72,54
QN51,Murray Hill,9844,461,9439,466,0,50,22,51,0,50,75,93,5,49,35,52,44,66,90,76,15,50,69,78,72,61,136,98,137,83,279,116,309,136,472,153,663,168,2671,359,2267,319,1857,333,221,124,405,139
QN52,East Flushing,4414,280,4221,281,13,41,0,42,110,66,13,44,20,46,51,59,54,65,57,66,94,70,122,73,14,43,44,59,31,47,72,63,86,58,150,83,273,108,807,164,992,201,1108,205,110,80,193,79
QN53,Woodhaven,8827,427,8546,430,5,53,32,57,0,54,33,60,0,54,11,54,18,55,42,58,9,54,136,84,116,81,101,73,185,95,212,96,158,78,623,157,821,194,2222,279,2259,287,1468,247,95,75,281,109
QN54,Richmond Hill,9052,426,8892,425,0,60,26,72,11,61,101,90,38,68,39,81,15,58,204,104,35,62,133,92,39,67,126,87,95,83,154,86,91,82,578,143,752,184,2721,284,2332,296,1351,216,51,75,160,84
QN55,South Ozone Park,8064,494,7887,496,0,62,6,62,7,62,35,67,5,62,19,64,0,62,64,73,66,72,119,114,97,89,260,132,148,104,159,104,64,77,452,140,791,191,2264,327,2144,313,902,201,285,138,177,88
QN56,Ozone Park,2925,311,2871,307,8,36,0,36,15,39,15,41,12,38,5,35,22,48,9,35,8,37,0,36,0,36,92,89,29,48,84,73,39,46,194,95,302,126,1031,224,661,173,331,134,14,38,54,59
QN57,Lindenwood-Howard Beach,3029,393,2953,393,65,110,0,34,12,35,0,34,79,101,0,34,0,34,15,39,23,47,11,35,0,34,0,34,38,47,66,77,87,82,158,138,260,122,561,187,562,202,918,263,98,82,76,72
QN60,Kew Gardens,6440,352,6204,358,15,35,0,34,23,39,22,38,0,34,18,38,24,49,8,34,36,43,151,105,22,38,111,80,30,40,192,101,195,113,412,143,625,184,1718,258,1635,262,700,180,267,128,236,117
QN61,Jamaica,11246,399,11036,400,5,50,10,50,179,79,227,96,130,82,100,79,89,67,66,64,117,75,219,96,41,59,337,124,59,57,414,140,184,95,1119,230,1434,249,3181,346,2057,305,956,213,112,83,210,124
QN62,Queensboro Hill,2531,273,2399,272,0,29,0,29,0,29,63,60,0,29,11,32,34,59,34,44,11,32,65,55,19,34,22,35,0,29,14,32,17,35,108,69,157,78,626,167,638,178,458,133,122,77,132,77
QN63,Woodside,11379,466,11027,487,14,51,20,55,7,49,51,76,11,51,4,49,73,82,107,102,40,56,24,54,210,116,166,97,256,120,295,155,205,106,974,241,825,232,3055,410,2419,388,1943,334,328,132,352,148
QN66,Laurelton,1479,197,1363,196,0,40,16,40,12,42,25,54,0,40,0,40,9,43,11,38,0,40,22,42,13,43,15,40,13,43,0,40,15,42,63,68,136,86,450,136,217,102,241,96,105,70,116,57
QN68,Queensbridge-Ravenswood-Long Island City,6700,197,6661,197,27,46,44,56,99,95,730,187,287,136,283,141,115,76,186,96,395,162,524,169,360,122,429,172,249,146,195,99,126,77,432,138,238,106,605,147,630,135,509,129,198,94,39,41
QN70,Astoria,28463,576,27855,578,124,94,105,83,432,147,349,123,318,120,239,106,270,117,325,137,226,102,468,135,376,121,690,160,329,114,782,175,513,146,1345,234,2001,308,6072,491,6377,491,5067,459,1447,247,608,162
QN71,Old Astoria,9268,315,9049,326,18,43,33,48,96,68,248,98,72,63,185,81,93,66,101,66,105,69,135,85,123,64,221,95,234,99,195,97,146,71,455,146,417,140,1727,255,1949,254,1803,275,693,174,219,109
QN72,Steinway,14191,484,13680,489,39,58,183,126,109,77,80,76,29,52,52,58,54,67,145,94,54,62,160,88,67,62,254,119,119,83,205,97,173,82,692,190,806,197,2789,326,3412,390,3442,352,816,175,511,153
QN76,Baisley Park,3968,316,3791,311,23,53,46,60,9,49,97,72,62,67,145,81,150,90,58,58,47,70,93,79,38,61,101,71,128,75,110,72,39,48,369,128,199,82,638,158,757,200,643,161,39,53,177,83
QN98,Airport,0,17,0,17,0,17,0,17,0,17,0,17,0,17,0,17,0,17,0,17,0,17,0,17,0,17,0,17,0,17,0,17,0,17,0,17,0,17,0,17,0,17,0,17,0,17,0,17
QN99,park-cemetery-etc-Queens,62,54,62,54,0,48,0,48,0,48,0,48,0,48,0,48,0,48,0,48,0,48,0,48,0,48,0,48,0,48,0,48,0,48,10,49,0,48,13,48,10,49,10,49,19,50,0,48
SI01,Annadale-Huguenot-Prince's Bay-Eltingville,1742,290,1489,281,37,66,0,34,2,30,0,34,0,34,0,34,0,34,0,34,23,48,20,36,0,34,98,89,34,48,66,81,37,50,266,121,140,109,279,110,158,106,209,115,120,102,253,118
SI05,New Springville-Bloomfield-Travis,3484,431,3281,434,0,43,0,43,32,56,92,60,29,48,106,61,18,44,70,69,20,43,173,114,11,45,129,81,89,77,105,97,67,57,279,121,499,256,650,193,364,149,433,168,115,86,203,112
SI07,Westerleigh,2394,301,2273,292,0,36,0,36,14,40,44,52,0,36,0,36,15,39,11,38,6,35,134,99,16,40,86,73,42,40,9,35,157,98,253,110,231,101,523,166,401,165,294,140,37,43,121,72
SI08,Grymes Hill-Clifton-Fox Hills,4531,338,4446,341,130,116,74,61,376,184,131,99,74,78,133,121,75,65,85,70,123,90,22,36,51,49,119,130,137,109,125,81,111,105,365,169,493,177,683,178,751,212,388,135,0,28,85,80
SI11,Charleston-Richmond Valley-Tottenville,1621,279,1558,278,0,32,17,32,0,32,0,32,0,32,0,32,0,32,0,32,37,68,58,68,8,29,16,33,0,32,57,43,37,46,266,138,180,99,405,175,152,94,195,122,130,83,63,67
SI12,Mariner's Harbor-Arlington-Port Ivory-Graniteville,3982,350,3891,349,60,74,0,38,120,91,197,107,47,56,112,63,80,71,146,99,36,51,134,98,83,80,161,92,195,123,57,55,146,84,350,147,134,95,528,167,716,194,496,168,93,71,91,64
SI14,Grasmere-Arrochar-Ft. Wadsworth,2032,234,1768,225,7,26,11,30,49,58,139,76,93,74,59,56,88,67,44,54,58,56,70,73,79,77,96,66,45,41,54,42,33,51,95,66,96,65,237,102,142,76,175,88,98,64,264,69
SI22,West New Brighton-New Brighton-St. George,6988,416,6885,415,0,40,99,94,50,47,360,117,216,140,91,62,198,117,230,81,177,119,180,99,143,95,119,66,266,145,179,82,187,89,526,171,737,190,1813,311,837,209,477,162,0,40,103,71
SI24,Todt Hill-Emerson Hill-Heartland Village-Lighthouse Hill,2213,309,2068,302,0,38,0,38,72,52,58,78,33,42,9,37,0,38,0,38,0,38,107,98,0,38,0,38,0,38,86,78,70,76,165,87,314,166,525,199,260,105,268,133,101,93,145,73
SI25,Oakwood-Oakwood Beach,2520,275,2326,268,0,32,0,32,14,35,29,43,0,32,54,67,0,32,19,44,30,44,15,37,24,36,32,45,28,43,117,88,24,36,198,86,350,132,819,219,268,103,217,110,88,88,194,113
SI28,Port Richmond,2421,287,2223,282,18,33,0,32,27,38,67,68,20,37,27,37,11,32,14,35,41,52,35,36,22,44,83,58,81,64,102,63,3,28,271,130,208,100,533,159,376,158,254,141,30,39,198,106
SI32,Rossville-Woodrow,1248,254,1085,240,0,29,0,29,0,29,0,29,0,29,10,28,0,29,39,66,0,29,0,29,0,29,17,30,15,34,93,85,43,46,106,75,159,115,284,133,169,116,90,85,60,59,163,97
SI35,New Brighton-Silver Lake,2254,258,2145,252,0,27,8,26,48,51,0,27,0,27,41,49,0,27,46,50,19,39,34,49,12,30,73,68,16,34,32,55,14,33,173,94,249,116,700,168,367,126,258,113,55,61,109,63
SI36,Old Town-Dongan Hills-South Beach,2935,294,2721,293,0,32,0,32,20,37,36,42,127,78,99,78,55,47,27,32,59,48,155,90,40,50,115,81,41,50,98,55,123,75,217,105,376,160,616,185,211,119,303,137,3,35,214,102
SI37,Stapleton-Rosebank,4630,356,4420,363,7,36,109,80,230,95,149,92,91,62,74,66,58,59,92,65,80,52,152,95,44,41,52,50,117,89,173,98,85,66,280,113,426,131,940,251,689,189,474,153,98,86,210,120
SI45,New Dorp-Midland Beach,1946,259,1752,259,10,30,0,29,0,29,0,29,0,29,9,31,0,29,0,29,0,29,10,31,6,29,158,87,0,29,124,84,85,61,156,86,172,93,578,172,267,121,136,78,41,67,194,114
SI48,Arden Heights,1300,288,1123,263,0,29,8,29,15,35,0,29,0,29,0,29,0,29,0,29,0,29,22,33,0,29,49,71,0,29,29,38,17,35,167,91,264,154,258,135,42,36,234,128,18,29,177,116
SI54,Great Kills,2335,350,2171,342,0,42,0,42,15,45,38,60,0,42,0,42,0,42,68,92,0,42,19,43,10,43,125,88,9,42,79,79,106,78,155,112,281,111,401,166,467,189,284,156,114,105,164,81
SI99,park-cemetery-etc-Staten Island,0,17,0,17,0,17,0,17,0,17,0,17,0,17,0,17,0,17,0,17,0,17,0,17,0,17,0,17,0,17,0,17,0,17,0,17,0,17,0,17,0,17,0,17,0,17,0,17
